,ref,variant,ISM
chr4:8418051 G/A,38.263813,38.27173,0.007915497
chr4:8418132 C/T,38.263813,38.24575,-0.018062592
chr4:8418142 G/A,38.263813,38.282112,0.018299103
chr4:8418148 T/G,38.263813,38.235306,-0.028507233
chr4:8418165 C/T,38.263813,38.23069,-0.033123016
chr4:8418186 G/A,38.263813,38.27774,0.01392746
chr4:8418280 C/G,38.263813,38.25647,-0.0073432922
chr4:8418283 G/A,38.263813,38.258987,-0.004825592
chr4:8418289 A/G,38.263813,38.261784,-0.002029419
chr4:8418387 G/T,38.263813,38.259613,-0.0041999817
chr4:8418430 G/A,38.263813,38.26661,0.002796173
chr4:8418440 C/T,38.263813,38.284306,0.020492554
chr4:8418605 C/T,38.263813,38.280823,0.017009735
chr4:8418733 C/T,38.263813,38.27704,0.013225555
chr4:8418779 G/C,38.263813,38.249355,-0.014457703
chr4:8418801 C/T,38.263813,38.256157,-0.0076560974
chr4:8418997 G/C,38.263813,38.26526,0.0014457703
chr4:8419052 C/T,38.263813,38.269173,0.0053596497
chr4:8419198 G/C,38.263813,38.26098,-0.00283432
chr4:8419205 A/C,38.263813,38.270782,0.006969452
chr4:8419239 G/A,38.263813,38.30345,0.03963852
chr4:8419388 T/A,38.263813,38.2225,-0.04131317
chr4:8419424 A/G,38.263813,38.259335,-0.0044784546
chr4:8419471 A/G,38.263813,38.24804,-0.015773773
chr4:8419637 T/G,38.263813,38.26647,0.002658844
chr4:8420052 G/A,38.263813,38.2648,0.0009880066
chr4:8420136 A/G,38.263813,38.21806,-0.04575348
chr4:8420462 T/C,38.263813,38.274414,0.010601044
chr4:8420580 C/T,38.263813,38.259323,-0.0044898987
chr4:8420581 G/A,38.263813,38.26954,0.0057258606
chr4:8420607 A/T,38.263813,38.238796,-0.025016785
chr4:8420716 A/G,38.263813,38.253418,-0.01039505
chr4:8420879 T/C,38.263813,38.292816,0.029003143
chr4:8421017 G/T,38.263813,38.24859,-0.015224457
chr4:8421144 G/C,38.263813,38.24846,-0.0153541565
chr4:8421337 C/A,38.263813,38.2417,-0.0221138
chr4:8421345 C/T,38.263813,38.283833,0.020019531
chr4:8421447 C/T,38.263813,38.261642,-0.0021705627
chr4:8421511 C/T,38.263813,38.259148,-0.0046653748
chr4:8421533 G/A,38.263813,38.286175,0.022361755
chr4:8421624 G/A,38.263813,38.227364,-0.036449432
chr4:8421757 G/A,38.263813,38.253094,-0.010719299
chr4:8421773 T/C,38.263813,38.3082,0.044387817
chr4:8421889 G/A,38.263813,38.257973,-0.0058403015
chr4:8421986 G/A,38.263813,38.293026,0.029212952
chr4:8421989 T/C,38.263813,38.277786,0.013973236
chr4:8422063 G/A,38.263813,38.230778,-0.03303528
chr4:8422071 G/C,38.263813,38.244453,-0.019359589
chr4:8422111 G/A,38.263813,38.256607,-0.007205963
chr4:8422157 G/T,38.263813,38.263622,-0.00019073486
chr4:8422350 G/A,38.263813,38.25995,-0.0038642883
chr4:8422374 C/T,38.263813,38.25741,-0.0064048767
chr4:8422375 G/A,38.263813,38.261734,-0.00207901
chr4:8422399 T/G,38.263813,38.26038,-0.0034332275
chr4:8422400 C/A,38.263813,38.281925,0.018112183
chr4:8422450 C/T,38.263813,38.267593,0.003780365
chr4:8422490 C/T,38.263813,38.280136,0.01632309
chr4:8422526 G/A,38.263813,38.273315,0.009502411
chr4:8422558 C/T,38.263813,38.266537,0.0027236938
chr4:8422587 C/T,38.263813,38.266174,0.0023612976
chr4:8422642 T/C,38.263813,38.24363,-0.020183563
chr4:8422664 G/A,38.263813,38.26265,-0.0011634827
chr4:8422701 T/C,38.263813,38.26455,0.0007362366
chr4:8422751 G/A,38.263813,38.24874,-0.015071869
chr4:8422833 G/A,38.263813,38.26506,0.001247406
chr4:8422887 G/A,38.263813,38.26792,0.004108429
chr4:8422890 G/A,38.263813,38.25483,-0.008983612
chr4:8422915 G/C,38.263813,38.281754,0.017940521
chr4:8422987 A/G,38.263813,38.24582,-0.017993927
chr4:8422997 C/T,38.263813,38.28753,0.023715973
chr4:8423009 T/A,38.263813,38.28231,0.018497467
chr4:8423122 A/T,38.263813,38.255318,-0.008495331
chr4:8423166 C/T,38.263813,38.270363,0.006549835
chr4:8423174 G/A,38.263813,38.25378,-0.010032654
chr4:8423183 C/T,38.263813,38.28474,0.02092743
chr4:8423401 A/G,38.263813,38.25905,-0.004764557
chr4:8423458 G/A,38.263813,38.276466,0.012653351
chr4:8423464 T/C,38.263813,38.27597,0.01215744
chr4:8423508 T/A,38.263813,38.24927,-0.014541626
chr4:8423657 C/T,38.263813,38.29038,0.026565552
chr4:8423733 C/G,38.263813,38.27009,0.006275177
chr4:8423744 C/T,38.263813,38.286156,0.022342682
chr4:8423792 G/C,38.263813,38.272858,0.009044647
chr4:8423937 G/A,38.263813,38.241543,-0.022270203
chr4:8424069 G/A,38.263813,38.264835,0.0010223389
chr4:8424094 C/G,38.263813,38.23372,-0.030094147
chr4:8424108 T/C,38.263813,38.259434,-0.0043792725
chr4:8424130 C/G,38.263813,38.198715,-0.06509781
chr4:8424231 C/T,38.263813,38.215965,-0.047847748
chr4:8424344 T/C,38.263813,38.25933,-0.0044822693
chr4:8424444 T/C,38.263813,38.27051,0.0066986084
chr4:8424479 T/A,38.263813,38.278397,0.014583588
chr4:8424487 G/C,38.263813,38.236786,-0.02702713
chr4:8424650 T/C,38.263813,38.270294,0.0064811707
chr4:8424831 G/A,38.263813,38.253784,-0.010028839
chr4:8424850 C/T,38.263813,38.28353,0.01971817
chr4:8424888 T/C,38.263813,38.26656,0.002746582
chr4:8425113 A/G,38.263813,38.26557,0.0017585754
chr4:8425136 C/T,38.263813,38.26132,-0.002494812
chr4:8425272 A/G,38.263813,38.270355,0.006542206
chr4:8425390 T/C,38.263813,38.258553,-0.0052604675
chr4:8425505 G/C,38.263813,38.26416,0.00034713745
chr4:8425582 T/A,38.263813,38.26156,-0.002254486
chr4:8425615 C/T,38.263813,38.25916,-0.0046539307
chr4:8425649 T/C,38.263813,38.2556,-0.008213043
chr4:8425670 G/C,38.263813,38.26837,0.004558563
chr4:8425888 A/G,38.263813,38.264317,0.00050354004
chr4:8425892 T/C,38.263813,38.266293,0.0024795532
chr4:8425990 T/A,38.263813,38.259045,-0.0047683716
chr4:8426150 C/T,38.263813,38.264656,0.0008430481
chr4:8426452 A/C,38.263813,38.24348,-0.020332336
chr4:8426509 C/T,38.263813,38.27692,0.0131073
chr4:8426605 A/G,38.263813,38.257324,-0.0064888
chr4:8426740 C/T,38.263813,38.259834,-0.0039787292
chr4:8426758 T/C,38.263813,38.26149,-0.0023231506
chr4:8426815 C/T,38.263813,38.269363,0.0055503845
chr4:8426929 A/G,38.263813,38.2657,0.0018882751
chr4:8426947 C/T,38.263813,38.27436,0.010547638
chr4:8427125 G/A,38.263813,38.268555,0.0047416687
chr4:8427320 C/T,38.263813,38.257927,-0.005886078
chr4:8427393 T/A,38.263813,38.266327,0.0025138855
chr4:8427562 C/T,38.263813,38.25939,-0.004421234
chr4:8427598 G/A,38.263813,38.27352,0.009708405
chr4:8427636 G/C,38.263813,38.114777,-0.14903641
chr4:8427650 A/G,38.263813,38.270782,0.006969452
chr4:8427726 G/T,38.263813,38.267723,0.0039100647
chr4:8427837 C/G,38.263813,38.22022,-0.04359436
chr4:8427948 G/A,38.263813,38.239532,-0.024280548
chr4:8428010 T/C,38.263813,38.26831,0.004497528
chr4:8428135 A/G,38.263813,38.253407,-0.010406494
chr4:8428186 C/T,38.263813,38.26825,0.004436493
chr4:8428192 C/G,38.263813,38.257908,-0.0059051514
chr4:8428214 C/T,38.263813,38.276955,0.013141632
chr4:8428215 G/A,38.263813,38.27597,0.01215744
chr4:8428234 C/G,38.263813,38.22577,-0.038043976
chr4:8428236 C/T,38.263813,38.253452,-0.010360718
chr4:8428440 C/T,38.263813,38.268486,0.004673004
chr4:8428441 G/A,38.263813,38.260597,-0.0032157898
chr4:8428520 A/G,38.263813,38.301117,0.037303925
chr4:8428534 G/A,38.263813,38.28257,0.018756866
chr4:8428604 G/A,38.263813,38.26079,-0.0030212402
chr4:8428976 G/C,38.263813,38.26077,-0.0030441284
chr4:8429161 C/A,38.263813,38.290356,0.026542664
chr4:8429207 C/T,38.263813,38.28675,0.022937775
chr4:8429243 G/A,38.263813,38.287064,0.02325058
chr4:8429267 C/T,38.263813,38.250656,-0.013156891
chr4:8429530 G/A,38.263813,38.273262,0.009449005
chr4:8429699 G/A,38.263813,38.286995,0.023181915
chr4:8429817 A/G,38.263813,38.252876,-0.010936737
chr4:8429844 C/G,38.263813,38.30605,0.042236328
chr4:8429926 C/A,38.263813,38.31025,0.04643631
chr4:8429943 T/G,38.263813,38.261047,-0.0027656555
chr4:8430115 C/G,38.263813,38.30197,0.038158417
chr4:8430226 G/A,38.263813,38.268997,0.0051841736
chr4:8430233 G/A,38.263813,38.20878,-0.055034637
chr4:8430293 C/T,38.263813,38.254833,-0.008979797
chr4:8430699 G/C,38.263813,37.99875,-0.26506424
chr4:8430725 G/A,38.263813,38.24173,-0.022083282
chr4:8430751 A/G,38.263813,38.260254,-0.0035591125
chr4:8430760 T/C,38.263813,38.244102,-0.01971054
chr4:8430936 G/C,38.263813,38.352417,0.08860397
chr4:8431302 A/T,38.263813,38.220695,-0.043117523
chr4:8431525 T/C,38.263813,38.26409,0.0002784729
chr4:8431601 T/C,38.263813,38.21495,-0.048862457
chr4:8431735 G/C,38.263813,38.208145,-0.055667877
chr4:8432052 G/A,38.263813,38.19375,-0.070064545
chr4:8432155 T/C,38.263813,38.270576,0.0067634583
chr4:8432364 C/T,38.263813,38.247597,-0.016216278
chr4:8432372 C/T,38.263813,38.231796,-0.032016754
chr4:8432393 G/A,38.263813,38.25244,-0.011371613
chr4:8432506 G/C,38.263813,38.318336,0.054523468
chr4:8432603 A/G,38.263813,38.264206,0.00039291382
chr4:8432624 T/C,38.263813,38.26551,0.0016975403
chr4:8432672 G/C,38.263813,38.254765,-0.009048462
chr4:8432774 G/C,38.263813,38.233246,-0.03056717
chr4:8432840 G/A,38.263813,38.23986,-0.023952484
chr4:8433272 T/C,38.263813,38.236347,-0.02746582
chr4:8433713 C/T,38.263813,38.303425,0.039611816
chr4:8433762 G/A,38.263813,38.42249,0.15867615
chr4:8433843 C/G,38.263813,38.150288,-0.11352539
chr4:8433867 C/G,38.263813,38.17633,-0.08748245
chr4:8433879 A/C,38.263813,37.90992,-0.35389328
chr4:8433963 A/G,38.263813,38.323334,0.05952072
chr4:8433992 G/A,38.263813,38.28474,0.02092743
chr4:8434122 G/A,38.263813,38.28104,0.017227173
chr4:8434187 C/A,38.263813,38.20094,-0.06287384
chr4:8434222 T/A,38.263813,38.262558,-0.0012550354
chr4:8434302 C/T,38.263813,38.314808,0.050994873
chr4:8434579 G/A,38.263813,38.25798,-0.005832672
chr4:8434645 C/G,38.263813,38.246094,-0.017719269
chr4:8434832 G/T,38.263813,38.268806,0.0049934387
chr4:8434901 A/C,38.263813,38.229755,-0.034057617
chr4:8435058 A/T,38.263813,38.274956,0.011142731
chr4:8435109 G/A,38.263813,38.397007,0.13319397
chr4:8435323 G/A,38.263813,38.28434,0.020526886
chr4:8435341 G/A,38.263813,38.28737,0.023555756
chr4:8435725 A/C,38.263813,38.28887,0.025058746
chr4:8435733 T/C,38.263813,38.26722,0.0034065247
chr4:8435755 C/G,38.263813,38.21359,-0.050224304
chr4:8435896 T/C,38.263813,38.28355,0.019737244
chr4:8436149 C/T,38.263813,38.27484,0.01102829
chr4:8436221 G/T,38.263813,38.234215,-0.029598236
chr4:8436249 G/C,38.263813,38.2675,0.0036888123
chr4:8436286 T/C,38.263813,38.299026,0.03521347
chr4:8436287 G/A,38.263813,38.251343,-0.012470245
chr4:8436305 G/A,38.263813,38.241226,-0.022586823
chr4:8436319 C/T,38.263813,38.226395,-0.037418365
chr4:8436450 C/T,38.263813,38.38923,0.1254158
chr4:8436756 C/T,38.263813,38.337013,0.073200226
chr4:8437033 G/T,38.263813,38.290504,0.026691437
chr4:8437515 A/G,38.263813,38.3842,0.12038803
chr4:8437519 A/C,38.263813,38.28634,0.022525787
chr4:8437545 G/A,38.263813,38.883568,0.6197548
chr4:8437635 T/C,38.263813,38.171417,-0.09239578
chr4:8437791 C/G,38.263813,38.53412,0.27030563
chr4:8437945 A/C,38.263813,38.201717,-0.062095642
chr4:8438263 A/T,38.263813,38.29795,0.034137726
chr4:8438534 C/A,38.263813,38.26116,-0.0026512146
chr4:8438960 A/C,38.263813,38.281525,0.01771164
chr4:8438975 G/A,38.263813,38.31452,0.05070877
chr4:8439026 T/C,38.263813,38.217,-0.046813965
chr4:8439292 G/T,38.263813,38.115654,-0.14815903
chr4:8439393 C/T,38.263813,38.181915,-0.081897736
chr4:8439463 T/C,38.263813,38.25196,-0.011852264
chr4:8439549 T/C,38.263813,38.252296,-0.011516571
chr4:8439602 T/A,38.263813,38.18433,-0.07948303
chr4:8439771 A/G,38.263813,38.263206,-0.00060653687
chr4:8439785 T/C,38.263813,38.32772,0.06390762
chr4:8439812 A/G,38.263813,38.200275,-0.0635376
chr4:8439862 C/T,38.263813,38.254765,-0.009048462
chr4:8439918 A/T,38.263813,38.256866,-0.0069465637
chr4:8439927 T/C,38.263813,38.404198,0.14038467
chr4:8440052 C/T,38.263813,38.275703,0.011890411
chr4:8440312 C/A,38.263813,38.315346,0.051532745
chr4:8440396 C/T,38.263813,38.240524,-0.023288727
chr4:8440591 C/T,38.263813,38.81186,0.5480461
chr4:8440616 C/A,38.263813,38.326862,0.06304932
chr4:8440653 G/A,38.263813,38.303154,0.039340973
chr4:8440702 C/T,38.263813,38.32563,0.06181717
chr4:8440745 C/T,38.263813,38.19481,-0.06900406
chr4:8440758 C/G,38.263813,38.27012,0.0063056946
chr4:8440951 T/C,38.263813,38.420418,0.15660477
chr4:8441022 C/T,38.263813,38.339806,0.075992584
chr4:8441023 G/A,38.263813,37.860203,-0.40361023
chr4:8441125 T/C,38.263813,38.16001,-0.10380173
chr4:8441264 T/C,38.263813,38.35663,0.0928154
chr4:8441303 T/C,38.263813,38.331875,0.06806183
chr4:8441466 A/C,38.263813,38.245262,-0.018550873
chr4:8441775 T/C,38.263813,38.65993,0.39611816
chr4:8441909 C/A,38.263813,38.291874,0.028060913
chr4:8442002 T/C,38.263813,38.018814,-0.24499893
chr4:8442663 T/C,38.263813,37.776844,-0.486969
chr4:8442788 G/A,38.263813,38.313354,0.049541473
chr4:8443041 C/T,38.263813,38.326473,0.06266022
chr4:8443071 G/A,38.263813,38.29196,0.028148651
chr4:8443078 C/T,38.263813,37.81295,-0.45086288
chr4:8443084 C/T,38.263813,38.50203,0.2382164
chr4:8443139 C/G,38.263813,38.216568,-0.047245026
chr4:8443210 A/C,38.263813,38.259895,-0.003917694
chr4:8443312 G/A,38.263813,38.23294,-0.030872345
chr4:8443417 T/C,38.263813,38.141792,-0.12202072
chr4:8443501 G/A,38.263813,38.071968,-0.19184494
chr4:8443581 C/A,38.263813,38.172314,-0.09149933
chr4:8443621 A/G,38.263813,38.214275,-0.04953766
chr4:8443776 G/A,38.263813,38.414238,0.15042496
chr4:8443788 A/G,38.263813,38.24176,-0.022052765
chr4:8443895 T/C,38.263813,38.224026,-0.039787292
chr4:8443925 A/G,38.263813,37.97543,-0.28838348
chr4:8444247 C/T,38.263813,38.34545,0.081638336
chr4:8444262 T/C,38.263813,38.22631,-0.03750229
chr4:8444311 C/G,38.263813,38.152996,-0.110816956
chr4:8444427 G/T,38.263813,38.277718,0.0139045715
chr4:8444572 C/T,38.263813,38.309116,0.045303345
chr4:8444614 A/G,38.263813,38.28548,0.02166748
chr4:8444631 T/C,38.263813,38.29364,0.029827118
chr4:8444656 T/C,38.263813,38.240265,-0.023548126
chr4:8444869 C/T,38.263813,38.269386,0.0055732727
chr4:8445514 C/T,38.263813,38.20694,-0.05687332
chr4:8445553 G/A,38.263813,38.232697,-0.031116486
chr4:8445750 T/C,38.263813,38.264526,0.0007133484
chr4:8445831 C/T,38.263813,38.284485,0.020671844
chr4:8445840 G/A,38.263813,38.578293,0.31447983
chr4:8445875 G/A,38.263813,38.22827,-0.035541534
chr4:8445936 G/T,38.263813,38.202553,-0.061260223
chr4:8446003 G/A,38.263813,38.24904,-0.0147743225
chr4:8446188 G/A,38.263813,38.302498,0.038684845
chr4:8446191 T/C,38.263813,38.17215,-0.09166336
chr4:8446224 G/A,38.263813,38.05461,-0.20920181
chr4:8446263 T/C,38.263813,38.31929,0.055477142
chr4:8446360 C/T,38.263813,38.09,-0.17381287
chr4:8446361 G/A,38.263813,38.05563,-0.20818329
chr4:8446420 C/T,38.263813,38.259968,-0.0038452148
chr4:8446579 A/G,38.263813,38.280193,0.01638031
chr4:8446777 A/C,38.263813,38.32051,0.056697845
chr4:8446779 T/A,38.263813,38.271275,0.007461548
chr4:8447205 C/A,38.263813,38.232307,-0.031505585
chr4:8447476 C/A,38.263813,38.26172,-0.0020942688
chr4:8447595 C/A,38.263813,38.279045,0.015232086
chr4:8447727 G/A,38.263813,38.21618,-0.047634125
chr4:8447790 G/A,38.263813,38.253914,-0.009899139
chr4:8447862 C/T,38.263813,38.22807,-0.035743713
chr4:8447947 C/T,38.263813,38.272644,0.008831024
chr4:8448113 G/A,38.263813,38.243793,-0.020019531
chr4:8448120 A/C,38.263813,38.47104,0.2072258
chr4:8448212 A/G,38.263813,38.072098,-0.19171524
chr4:8448483 T/C,38.263813,38.24574,-0.018074036
chr4:8448575 A/T,38.263813,38.27672,0.012905121
chr4:8448739 A/G,38.263813,38.288197,0.024383545
chr4:8448820 A/C,38.263813,38.295647,0.03183365
chr4:8448992 G/A,38.263813,38.229477,-0.03433609
chr4:8449081 G/A,38.263813,38.23683,-0.026981354
chr4:8449087 G/A,38.263813,38.271767,0.007953644
chr4:8449233 A/G,38.263813,38.209015,-0.054798126
chr4:8449309 A/G,38.263813,38.28881,0.024997711
chr4:8449342 C/T,38.263813,38.24548,-0.018333435
chr4:8449345 C/T,38.263813,38.266304,0.0024909973
chr4:8449393 G/A,38.263813,38.259148,-0.0046653748
chr4:8449728 G/A,38.263813,38.22551,-0.038303375
chr4:8449965 C/T,38.263813,38.327198,0.06338501
chr4:8449966 G/A,38.263813,38.28308,0.019268036
chr4:8449994 C/T,38.263813,38.502083,0.2382698
chr4:8450546 T/C,38.263813,38.226303,-0.03750992
chr4:8450750 T/C,38.263813,38.227936,-0.035877228
chr4:8450866 C/T,38.263813,38.288147,0.024333954
chr4:8450899 A/G,38.263813,38.319267,0.055454254
chr4:8450918 T/C,38.263813,38.27903,0.015216827
chr4:8450929 A/G,38.263813,38.308403,0.044589996
chr4:8451085 T/C,38.263813,38.275467,0.0116539
chr4:8451101 G/C,38.263813,38.216694,-0.04711914
chr4:8451179 A/G,38.263813,38.299908,0.036094666
chr4:8451181 C/T,38.263813,38.337624,0.07381058
chr4:8451271 C/T,38.263813,38.232983,-0.030830383
chr4:8451460 C/A,38.263813,38.30366,0.039848328
chr4:8451488 C/T,38.263813,38.501987,0.23817444
chr4:8451546 C/T,38.263813,38.36377,0.09995651
chr4:8451559 A/T,38.263813,38.194313,-0.06949997
chr4:8451800 T/C,38.263813,38.230457,-0.033355713
chr4:8451809 T/C,38.263813,38.337215,0.073402405
chr4:8451956 T/C,38.263813,38.255787,-0.008026123
chr4:8452064 A/G,38.263813,38.263206,-0.00060653687
chr4:8452235 G/A,38.263813,38.123245,-0.14056778
chr4:8452248 A/G,38.263813,38.230682,-0.033130646
chr4:8452391 A/G,38.263813,38.247932,-0.015880585
chr4:8452444 C/T,38.263813,38.248043,-0.015769958
chr4:8452482 C/T,38.263813,38.180294,-0.08351898
chr4:8452575 G/A,38.263813,38.226944,-0.03686905
chr4:8452596 C/T,38.263813,38.28675,0.022937775
chr4:8452742 G/C,38.263813,38.258728,-0.0050849915
chr4:8452775 T/G,38.263813,38.26084,-0.0029716492
chr4:8452952 T/G,38.263813,38.300915,0.037101746
chr4:8453191 G/A,38.263813,38.23512,-0.028694153
chr4:8453204 C/T,38.263813,38.327812,0.063999176
chr4:8453215 T/G,38.263813,38.22628,-0.037532806
chr4:8453261 C/T,38.263813,38.345932,0.08211899
chr4:8453309 T/A,38.263813,38.255447,-0.008365631
chr4:8453341 A/G,38.263813,38.317383,0.053569794
chr4:8453372 C/T,38.263813,38.53888,0.27506638
chr4:8453375 A/C,38.263813,38.70356,0.43974686
chr4:8453388 A/T,38.263813,38.352707,0.08889389
chr4:8453663 T/C,38.263813,38.032566,-0.23124695
chr4:8453746 A/G,38.263813,38.328346,0.06453323
chr4:8453891 G/C,38.263813,38.29629,0.032478333
chr4:8454052 C/T,38.263813,38.415817,0.15200424
chr4:8454087 C/G,38.263813,38.1807,-0.083114624
chr4:8454228 G/A,38.263813,38.27362,0.009807587
chr4:8454432 G/A,38.263813,38.21891,-0.0449028
chr4:8454439 C/T,38.263813,38.264263,0.00045013428
chr4:8454456 C/T,38.263813,38.261894,-0.0019187927
chr4:8454614 A/G,38.263813,38.37951,0.11569595
chr4:8454639 A/G,38.263813,38.115456,-0.14835739
chr4:8454695 C/T,38.263813,38.27578,0.011966705
chr4:8454725 C/T,38.263813,38.271206,0.0073928833
chr4:8454847 G/A,38.263813,38.353226,0.08941269
chr4:8454870 C/T,38.263813,38.352455,0.08864212
chr4:8454881 A/T,38.263813,38.32504,0.06122589
chr4:8454938 G/A,38.263813,38.259163,-0.004650116
chr4:8454941 C/T,38.263813,38.290283,0.026470184
chr4:8454944 C/T,38.263813,38.288162,0.024349213
chr4:8454946 G/A,38.263813,38.242607,-0.021205902
chr4:8455011 T/C,38.263813,38.254787,-0.009025574
chr4:8455134 G/T,38.263813,38.28183,0.018016815
chr4:8455151 C/T,38.263813,38.278797,0.014984131
chr4:8455210 A/G,38.263813,38.252808,-0.011005402
chr4:8455245 G/A,38.263813,38.282516,0.01870346
chr4:8455434 C/G,38.263813,38.23978,-0.024032593
chr4:8455455 G/A,38.263813,38.311394,0.04758072
chr4:8455546 T/A,38.263813,38.274353,0.010540009
chr4:8455583 A/T,38.263813,38.211323,-0.052490234
chr4:8455603 C/T,38.263813,38.261635,-0.0021781921
chr4:8455604 G/A,38.263813,38.268677,0.004863739
chr4:8455645 C/A,38.263813,38.295944,0.032131195
chr4:8455831 C/A,38.263813,38.281174,0.017360687
chr4:8456095 A/G,38.263813,38.28052,0.016708374
chr4:8456134 A/C,38.263813,38.27442,0.010608673
chr4:8456186 A/G,38.263813,38.239227,-0.024585724
chr4:8456204 A/G,38.263813,38.148262,-0.115550995
chr4:8456342 T/C,38.263813,38.175617,-0.0881958
chr4:8456371 C/T,38.263813,38.44008,0.17626572
chr4:8456441 C/T,38.263813,38.252853,-0.010959625
chr4:8456572 C/T,38.263813,38.28821,0.024398804
chr4:8456591 G/A,38.263813,38.250763,-0.013050079
chr4:8456608 G/A,38.263813,38.43731,0.17349625
chr4:8456701 C/G,38.263813,38.236176,-0.027637482
chr4:8456937 C/T,38.263813,38.28514,0.021327972
chr4:8457115 C/T,38.263813,38.324986,0.061172485
chr4:8457136 C/T,38.263813,38.209347,-0.054466248
chr4:8457176 C/T,38.263813,38.303307,0.03949356
chr4:8457201 C/T,38.263813,38.275436,0.011623383
chr4:8457260 G/A,38.263813,38.253616,-0.010196686
chr4:8457374 G/A,38.263813,38.29397,0.030155182
chr4:8457402 A/G,38.263813,38.279465,0.015651703
chr4:8457506 A/G,38.263813,38.391785,0.12797165
chr4:8457533 C/T,38.263813,38.22068,-0.043132782
chr4:8457550 G/A,38.263813,38.34079,0.076976776
chr4:8457589 A/G,38.263813,38.362846,0.099033356
chr4:8457614 A/G,38.263813,38.323437,0.05962372
chr4:8457682 A/G,38.263813,38.294674,0.0308609
chr4:8457706 G/A,38.263813,38.303535,0.039722443
chr4:8457739 T/C,38.263813,38.269,0.0051879883
chr4:8458018 G/A,38.263813,38.209595,-0.054218292
chr4:8458394 A/G,38.263813,38.228867,-0.03494644
chr4:8458468 G/A,38.263813,38.235012,-0.028800964
chr4:8458758 A/G,38.263813,38.28361,0.019798279
chr4:8458915 A/G,38.263813,38.38846,0.12464523
chr4:8458966 G/A,38.263813,38.18895,-0.074863434
chr4:8458983 T/C,38.263813,38.339348,0.07553482
chr4:8459055 G/A,38.263813,38.23122,-0.032592773
chr4:8459420 C/G,38.263813,37.986275,-0.2775383
chr4:8459869 T/C,38.263813,38.31437,0.050556183
chr4:8459940 C/T,38.263813,38.28609,0.022277832
chr4:8460008 T/C,38.263813,38.26824,0.0044288635
chr4:8460077 C/G,38.263813,38.276787,0.012973785
chr4:8460131 C/T,38.263813,38.22477,-0.039043427
chr4:8460169 T/G,38.263813,38.322903,0.05908966
chr4:8460207 T/G,38.263813,38.33962,0.075805664
chr4:8460229 C/A,38.263813,38.255325,-0.008487701
chr4:8460425 A/T,38.263813,38.305565,0.04175186
chr4:8460804 C/G,38.263813,38.263306,-0.00050735474
chr4:8460821 C/T,38.263813,38.277824,0.014011383
chr4:8460908 G/A,38.263813,38.270504,0.006690979
chr4:8460910 C/T,38.263813,38.2706,0.0067863464
chr4:8461049 G/T,38.263813,38.290123,0.026309967
chr4:8461058 C/T,38.263813,38.239037,-0.024776459
chr4:8461100 C/T,38.263813,38.263924,0.00011062622
chr4:8461162 G/C,38.263813,38.23413,-0.02968216
chr4:8461427 A/G,38.263813,38.280785,0.016971588
chr4:8461475 G/C,38.263813,38.278168,0.014354706
chr4:8461517 T/C,38.263813,38.28105,0.017238617
chr4:8461682 C/T,38.263813,38.20215,-0.06166458
chr4:8461744 C/T,38.263813,38.267246,0.0034332275
chr4:8461745 G/C,38.263813,38.24856,-0.01525116
chr4:8461766 C/A,38.263813,38.261784,-0.002029419
chr4:8461790 A/G,38.263813,38.27951,0.01569748
chr4:8461849 G/A,38.263813,38.28181,0.017997742
chr4:8461914 C/T,38.263813,38.233025,-0.030788422
chr4:8461997 G/A,38.263813,38.294838,0.031024933
chr4:8462199 C/T,38.263813,38.275005,0.011192322
chr4:8462351 G/T,38.263813,38.26308,-0.0007324219
chr4:8462426 G/A,38.263813,38.24711,-0.01670456
chr4:8462442 C/A,38.263813,38.264744,0.00093078613
chr4:8462570 A/G,38.263813,38.273865,0.010051727
chr4:8462572 G/C,38.263813,38.309338,0.045524597
chr4:8462646 G/A,38.263813,38.28707,0.02325821
chr4:8462830 G/A,38.263813,38.246925,-0.016887665
chr4:8462987 G/A,38.263813,38.303093,0.039279938
chr4:8462989 G/A,38.263813,38.157143,-0.10667038
chr4:8463034 A/G,38.263813,38.097977,-0.16583633
chr4:8463201 A/G,38.263813,38.280937,0.017124176
chr4:8463268 C/T,38.263813,38.29492,0.031108856
chr4:8463296 T/C,38.263813,38.304665,0.040851593
chr4:8463454 C/A,38.263813,38.328438,0.06462479
chr4:8463476 A/G,38.263813,38.214493,-0.04932022
chr4:8463556 G/A,38.263813,38.378334,0.11452103
chr4:8463601 G/T,38.263813,38.396336,0.13252258
chr4:8463623 G/A,38.263813,38.14508,-0.11873245
chr4:8463691 C/T,38.263813,38.31395,0.050136566
chr4:8463715 T/A,38.263813,38.266373,0.0025596619
chr4:8463810 A/C,38.263813,38.276955,0.013141632
chr4:8463859 C/T,38.263813,38.248295,-0.0155181885
chr4:8463875 C/T,38.263813,38.24327,-0.020542145
chr4:8463903 C/T,38.263813,38.24478,-0.019031525
chr4:8463967 C/T,38.263813,38.25206,-0.011753082
chr4:8464015 G/A,38.263813,38.271877,0.00806427
chr4:8464104 C/T,38.263813,38.23578,-0.02803421
chr4:8464133 C/T,38.263813,38.269527,0.0057144165
chr4:8464134 G/A,38.263813,38.249626,-0.014186859
chr4:8464224 G/A,38.263813,38.244293,-0.019519806
chr4:8464389 G/A,38.263813,38.248753,-0.015060425
chr4:8464445 C/T,38.263813,38.263603,-0.00020980835
chr4:8464472 A/G,38.263813,38.275925,0.012111664
chr4:8464480 G/A,38.263813,38.275925,0.012111664
chr4:8464529 T/C,38.263813,38.255253,-0.008560181
chr4:8464536 C/T,38.263813,38.269257,0.005443573
chr4:8464788 G/A,38.263813,38.24601,-0.017803192
chr4:8464810 T/C,38.263813,38.249313,-0.014499664
chr4:8464942 A/G,38.263813,38.253216,-0.010597229
chr4:8465301 C/G,38.263813,38.212296,-0.051517487
chr4:8465610 G/A,38.263813,38.25663,-0.007183075
chr4:8465721 A/G,38.263813,38.236366,-0.027446747
chr4:8465842 G/A,38.263813,38.23414,-0.02967453
chr4:8466076 G/A,38.263813,38.234203,-0.02960968
chr4:8466202 C/T,38.263813,38.268204,0.0043907166
chr4:8466381 C/T,38.263813,38.267376,0.0035629272
chr4:8466411 C/A,38.263813,38.271896,0.0080833435
chr4:8466492 A/G,38.263813,38.258102,-0.005710602
chr4:8466598 A/G,38.263813,38.2788,0.014987946
chr4:8466649 G/A,38.263813,38.299904,0.03609085
chr4:8466699 C/T,38.263813,38.267918,0.0041046143
chr4:8466700 G/C,38.263813,38.265102,0.0012893677
chr4:8466708 G/A,38.263813,38.287796,0.023983002
chr4:8466827 C/A,38.263813,38.25,-0.013813019
chr4:8466866 G/A,38.263813,38.235237,-0.028575897
