,ref_forward,ref_reverse,alt_forward,alt_reverse,ref,alt,ISM_forward,ISM_reverse,ISM
chr19:53169321 G/A,0.59706104,0.7748164,0.5958355,0.7742563,0.6859387,0.6850459,-0.0012255311,-0.00056010485,-0.000892818
chr19:53169330 T/C,0.5557503,0.74776614,0.5494844,0.74724025,0.6517582,0.6483623,-0.0062659383,-0.0005258918,-0.003395915
chr19:53169342 G/A,0.5021858,0.7464774,0.50193393,0.74525917,0.6243316,0.62359655,-0.00025188923,-0.0012182593,-0.0007350445
chr19:53169348 C/T,0.5132285,0.8128374,0.5125448,0.8132511,0.66303295,0.66289794,-0.0006836653,0.00041365623,-0.00013500452
chr19:53169353 C/G,0.56573755,0.7830822,0.5669836,0.7818831,0.67440987,0.67443335,0.0012460351,-0.0011990666,2.348423e-05
chr19:53169391 T/G,0.5411248,0.74142194,0.5447963,0.7435156,0.6412734,0.644156,0.0036714673,0.0020936728,0.0028825998
chr19:53169456 G/A,0.5294794,0.7935101,0.5300487,0.79180884,0.66149473,0.6609288,0.00056934357,-0.0017012358,-0.0005659461
chr19:53169992 C/T,0.5373353,0.8139216,0.53495103,0.81207794,0.6756284,0.6735145,-0.0023842454,-0.0018436313,-0.0021139383
chr19:53170239 G/C,0.54045045,0.74218094,0.5405802,0.74138075,0.6413157,0.6409805,0.00012975931,-0.00080019236,-0.00033521652
chr19:53170456 G/A,0.51685804,0.8045088,0.5170192,0.804474,0.6606834,0.6607466,0.00016117096,-3.4809113e-05,6.318092e-05
chr19:53170558 C/T,0.49011758,0.7821551,0.49012846,0.7856274,0.63613635,0.63787794,1.0877848e-05,0.0034723282,0.0017415881
chr19:53170746 T/A,0.5111135,0.7150895,0.51080096,0.71621245,0.6131015,0.6135067,-0.00031256676,0.0011229515,0.00040519238
chr19:53170823 G/A,0.5596403,0.8176,0.5653314,0.82114005,0.68862015,0.69323575,0.005691111,0.003540039,0.004615605
chr19:53170875 T/C,0.53772813,0.74543625,0.5343242,0.7411939,0.6415822,0.6377591,-0.003403902,-0.0042423606,-0.0038231015
chr19:53171000 C/T,0.5071057,0.754727,0.5090135,0.75723946,0.63091636,0.6331265,0.0019077659,0.002512455,0.0022101402
chr19:53171066 G/A,0.48244134,0.7375014,0.48102486,0.73840064,0.60997134,0.6097127,-0.0014164746,0.0008992553,-0.00025862455
chr19:53171079 A/G,0.56111836,0.8166364,0.5592756,0.81151235,0.68887734,0.685394,-0.0018427372,-0.0051240325,-0.003483355
chr19:53171137 G/T,0.5519278,0.7902907,0.5553054,0.7924189,0.67110926,0.67386216,0.0033776164,0.0021281838,0.0027529001
chr19:53171371 C/T,0.5426694,0.7621844,0.5428009,0.76169103,0.6524269,0.652246,0.00013148785,-0.00049334764,-0.0001809001
chr19:53171382 C/T,0.5274767,0.7442009,0.52837956,0.7364725,0.6358388,0.632426,0.00090283155,-0.007728398,-0.0034127831
chr19:53171548 T/C,0.44871888,0.71784645,0.44504857,0.7134268,0.58328265,0.5792377,-0.003670305,-0.004419625,-0.00404495
chr19:53171614 T/C,0.55332965,0.8177488,0.55291325,0.81604594,0.68553925,0.6844796,-0.00041639805,-0.0017028451,-0.0010596514
chr19:53171639 T/C,0.5395969,0.7022098,0.540266,0.7014634,0.6209034,0.6208647,0.00066906214,-0.00074636936,-3.8683414e-05
chr19:53171673 T/A,0.54299355,0.6926429,0.54360735,0.69269985,0.61781824,0.6181536,0.00061380863,5.6922436e-05,0.00033533573
chr19:53171678 C/T,0.49571738,0.7678021,0.4957028,0.7691828,0.63175976,0.63244283,-1.4573336e-05,0.001380682,0.00068306923
chr19:53171691 T/C,0.5257476,0.7778179,0.5259032,0.7762416,0.65178275,0.6510724,0.00015562773,-0.0015763044,-0.00071036816
chr19:53171693 C/G,0.51771235,0.7867845,0.5172111,0.78763175,0.65224844,0.6524214,-0.00050127506,0.0008472204,0.00017297268
chr19:53171777 G/A,0.5565302,0.7890767,0.5559157,0.78910464,0.6728034,0.67251015,-0.0006144643,2.7954578e-05,-0.00029325485
chr19:53171779 G/T,0.5459739,0.75474846,0.54606456,0.75481284,0.6503612,0.65043867,9.0658665e-05,6.4373016e-05,7.748604e-05
chr19:53171841 A/G,0.5390842,0.7953475,0.53905046,0.79455966,0.6672158,0.666805,-3.373623e-05,-0.0007878542,-0.0004107952
chr19:53171857 G/A,0.5520496,0.85997725,0.55220073,0.85915357,0.70601344,0.70567715,0.00015115738,-0.0008236766,-0.0003362894
chr19:53171976 C/A,0.52805704,0.85564333,0.528416,0.85653853,0.6918502,0.6924772,0.00035893917,0.00089520216,0.00062704086
chr19:53172193 C/A,0.53229284,0.7950793,0.53173214,0.79415816,0.66368604,0.66294515,-0.0005607009,-0.0009211302,-0.00074088573
chr19:53172197 C/T,0.5533653,0.8155643,0.55377,0.8155668,0.6844648,0.6846684,0.00040471554,2.503395e-06,0.00020360947
chr19:53172302 T/C,0.5235734,0.7880887,0.52382565,0.78786826,0.65583104,0.65584695,0.00025224686,-0.00022041798,1.591444e-05
chr19:53172304 A/C,0.50381213,0.7905361,0.5037433,0.78985655,0.6471741,0.6467999,-6.8843365e-05,-0.00067955256,-0.00037419796
chr19:53172321 C/T,0.5323508,0.7923182,0.53169674,0.7911328,0.6623345,0.66141474,-0.00065404177,-0.0011854172,-0.0009197593
chr19:53172325 T/C,0.55290514,0.8126425,0.5529718,0.8128199,0.6827738,0.68289584,6.663799e-05,0.00017738342,0.00012201071
chr19:53172334 A/T,0.54225534,0.8046282,0.54257196,0.80551237,0.67344177,0.67404217,0.00031661987,0.0008841753,0.0006003976
chr19:53172503 T/C,0.5733544,0.7496157,0.57420933,0.7507051,0.6614851,0.6624572,0.0008549094,0.0010893941,0.00097215176
chr19:53172543 G/A,0.5467742,0.7453997,0.54678804,0.74565756,0.64608693,0.64622283,1.3828278e-05,0.0002578497,0.00013589859
chr19:53172545 C/T,0.55724066,0.78618544,0.55637157,0.7854014,0.67171305,0.6708865,-0.0008690953,-0.0007840395,-0.0008265376
chr19:53172798 C/T,0.5126833,0.75584435,0.5133416,0.75518394,0.6342638,0.6342628,0.0006583333,-0.00066041946,-1.013279e-06
chr19:53172876 T/C,0.51106375,0.81318384,0.51212686,0.8144811,0.6621238,0.663304,0.0010631084,0.0012972355,0.001180172
chr19:53173123 A/G,0.547782,0.79728293,0.54771054,0.7966216,0.67253244,0.6721661,-7.146597e-05,-0.00066131353,-0.00036633015
chr19:53173177 T/C,0.5786514,0.70936596,0.5785896,0.70960987,0.6440087,0.6440997,-6.181002e-05,0.0002439022,9.101629e-05
chr19:53173277 T/C,0.5632278,0.80322474,0.56258696,0.80139345,0.6832262,0.6819902,-0.00064080954,-0.0018312931,-0.0012360215
chr19:53173286 C/A,0.5763395,0.8349716,0.5765233,0.83628446,0.7056556,0.70640385,0.00018382072,0.0013128519,0.0007482767
chr19:53173354 A/C,0.548337,0.77417034,0.5474096,0.77626836,0.6612537,0.661839,-0.00092738867,0.002098024,0.0005853176
chr19:53173374 C/G,0.5007092,0.79839593,0.5020077,0.80053484,0.6495526,0.6512713,0.0012985468,0.0021389127,0.0017186999
chr19:53173383 C/A,0.57027847,0.8144146,0.571262,0.8199759,0.6923466,0.695619,0.0009835362,0.005561292,0.0032724142
chr19:53173410 C/A,0.57041544,0.7907608,0.5697826,0.7859439,0.6805881,0.67786324,-0.0006328225,-0.0048168898,-0.002724886
chr19:53173604 G/A,0.5130162,0.7932736,0.5126866,0.79200166,0.65314496,0.6523441,-0.0003296137,-0.0012719631,-0.000800848
chr19:53173789 C/T,0.5627631,0.80233794,0.5622431,0.80175024,0.68255055,0.6819967,-0.0005199909,-0.0005877018,-0.00055384636
chr19:53173824 T/A,0.47542977,0.80774903,0.4756468,0.80896884,0.6415894,0.6423078,0.00021702051,0.001219809,0.0007184148
chr19:53174350 C/T,0.51829827,0.7835863,0.5182847,0.78276336,0.6509423,0.650524,-1.3589859e-05,-0.00082296133,-0.0004183054
chr19:53174436 C/T,0.5466833,0.8157663,0.54694045,0.8174631,0.6812248,0.68220174,0.00025713444,0.001696825,0.0009769201
chr19:53174720 A/G,0.4747514,0.8026655,0.47450605,0.80272204,0.6387085,0.63861406,-0.00024536252,5.6564808e-05,-9.441376e-05
chr19:53174756 G/A,0.51189363,0.79017645,0.5118858,0.789976,0.6510351,0.6509309,-7.8082085e-06,-0.00020045042,-0.00010418892
chr19:53174856 T/C,0.53833884,0.8043649,0.53810954,0.8049827,0.6713519,0.6715461,-0.00022929907,0.00061780214,0.00019419193
chr19:53175160 C/T,0.48679906,0.74805903,0.48656583,0.7477776,0.617429,0.6171717,-0.00023323298,-0.00028145313,-0.00025731325
chr19:53175181 A/C,0.50948185,0.75967336,0.5095504,0.7595952,0.63457763,0.6345728,6.854534e-05,-7.814169e-05,-4.827976e-06
chr19:53175320 G/A,0.5096931,0.8040663,0.50975114,0.80393904,0.65687966,0.6568451,5.8054924e-05,-0.00012725592,-3.4570694e-05
chr19:53175371 C/G,0.51063746,0.7315352,0.5103782,0.73196495,0.62108636,0.6211716,-0.0002592802,0.0004297495,8.523464e-05
chr19:53175720 G/A,0.54245895,0.8327042,0.54271454,0.8325961,0.68758154,0.6876553,0.00025558472,-0.00010806322,7.379055e-05
chr19:53175788 C/T,0.49073714,0.760309,0.49118868,0.760466,0.6255231,0.6258273,0.000451535,0.00015699863,0.0003042221
chr19:53175921 C/T,0.55192244,0.73271805,0.55190307,0.7325037,0.6423203,0.6422034,-1.937151e-05,-0.0002143383,-0.00011688471
chr19:53176002 G/A,0.48210877,0.72291774,0.48208004,0.7223605,0.60251325,0.6022203,-2.8729439e-05,-0.0005572438,-0.00029295683
chr19:53176329 A/G,0.5423787,0.7955108,0.54233617,0.7955019,0.6689448,0.668919,-4.2557716e-05,-8.940697e-06,-2.5749207e-05
chr19:53176355 A/G,0.5760288,0.7425982,0.57541335,0.7420563,0.6593135,0.6587348,-0.00061547756,-0.0005418658,-0.0005787015
chr19:53176500 T/C,0.49756265,0.7219474,0.49760062,0.72195655,0.60975504,0.6097786,3.796816e-05,9.179115e-06,2.3543835e-05
chr19:53176510 G/C,0.4891821,0.7312059,0.4890803,0.73139054,0.61019397,0.61023545,-0.00010180473,0.00018465519,4.1484833e-05
chr19:53176515 T/C,0.52919495,0.7203848,0.5289834,0.7201933,0.62478983,0.6245884,-0.00021153688,-0.00019145012,-0.0002014637
chr19:53176538 C/T,0.47253633,0.653,0.47254124,0.65273,0.56276816,0.5626356,4.917383e-06,-0.00027000904,-0.00013256073
chr19:53176613 G/A,0.5736049,0.8114942,0.57390994,0.8116025,0.6925495,0.6927562,0.00030505657,0.00010830164,0.0002066493
chr19:53176616 G/A,0.54328084,0.8271125,0.54318714,0.82690656,0.68519664,0.68504685,-9.36985e-05,-0.00020593405,-0.00014978647
chr19:53176710 C/T,0.51159483,0.84106606,0.5114931,0.8407561,0.67633045,0.6761246,-0.00010174513,-0.00030994415,-0.00020587444
chr19:53176745 T/C,0.58312774,0.75015813,0.58309126,0.75002056,0.6666429,0.6665559,-3.6478043e-05,-0.00013756752,-8.702278e-05
chr19:53176787 A/G,0.5383648,0.673214,0.5386738,0.67353034,0.6057894,0.6061021,0.00030899048,0.00031632185,0.00031268597
chr19:53177115 A/C,0.52855074,0.74681133,0.5286739,0.7468917,0.637681,0.6377828,0.0001231432,8.034706e-05,0.00010180473
chr19:53177134 T/C,0.53816295,0.7709442,0.5381963,0.7714885,0.65455353,0.6548424,3.33786e-05,0.0005443096,0.0002888441
chr19:53177480 T/C,0.50239974,0.8275102,0.5027322,0.8282569,0.66495496,0.66549456,0.0003324747,0.000746727,0.00053960085
chr19:53177549 G/A,0.48291078,0.7226792,0.482756,0.72369033,0.602795,0.60322315,-0.00015479326,0.0010111332,0.00042814016
chr19:53177601 G/A,0.5175271,0.7692053,0.517752,0.77007335,0.6433662,0.6439127,0.00022488832,0.00086808205,0.0005464554
chr19:53177758 C/T,0.53329486,0.80397195,0.53290147,0.80143154,0.6686334,0.6671665,-0.00039339066,-0.0025404096,-0.0014669299
chr19:53177846 G/A,0.4914706,0.7163605,0.49134406,0.7165736,0.6039156,0.60395885,-0.00012654066,0.0002130866,4.3272972e-05
chr19:53177859 T/G,0.52653897,0.7638226,0.5271203,0.7648025,0.6451808,0.6459614,0.0005813241,0.0009799004,0.0007805824
chr19:53177946 C/G,0.46472216,0.64409316,0.46461755,0.64380246,0.55440766,0.55421,-0.00010460615,-0.00029069185,-0.000197649
chr19:53177958 C/T,0.5201065,0.783345,0.5194775,0.78190213,0.65172577,0.65068984,-0.0006290078,-0.0014428496,-0.0010359287
chr19:53177993 T/C,0.54026085,0.7905682,0.5404313,0.7916083,0.6654145,0.6660198,0.00017046928,0.001040101,0.00060528517
chr19:53178106 C/T,0.4648381,0.7221075,0.4647523,0.721616,0.59347284,0.5931842,-8.5800886e-05,-0.0004914999,-0.0002886653
chr19:53178107 G/A,0.4981479,0.7376521,0.4983612,0.73754054,0.6179,0.61795086,0.00021329522,-0.000111579895,5.0842762e-05
chr19:53178150 C/A,0.5470253,0.8056235,0.54692763,0.8062337,0.67632437,0.67658067,-9.769201e-05,0.00061023235,0.00025629997
chr19:53178151 C/T,0.562412,0.76255447,0.5623371,0.7626284,0.6624832,0.66248274,-7.492304e-05,7.390976e-05,-4.7683716e-07
chr19:53178152 G/A,0.5347514,0.8170971,0.5349739,0.81742465,0.6759243,0.6761993,0.00022250414,0.00032752752,0.00027501583
chr19:53178181 C/T,0.52233046,0.7682448,0.52221686,0.76870704,0.64528763,0.6454619,-0.00011360645,0.00046223402,0.00017428398
chr19:53178555 A/G,0.5172251,0.7016695,0.5142016,0.70001054,0.6094473,0.6071061,-0.0030235052,-0.0016589761,-0.0023412108
chr19:53178559 C/A,0.5154269,0.7007151,0.5124277,0.69871986,0.60807097,0.6055738,-0.0029991865,-0.0019952655,-0.0024971962
chr19:53178663 G/T,0.5616376,0.7583923,0.5639433,0.75917494,0.6600149,0.6615591,0.002305746,0.0007826686,0.0015441775
chr19:53178666 T/C,0.5467352,0.75173813,0.54733384,0.7521618,0.6492367,0.64974785,0.00059860945,0.00042366982,0.00051116943
chr19:53178671 G/T,0.538325,0.71006125,0.5388169,0.7097363,0.62419313,0.62427664,0.00049191713,-0.00032496452,8.350611e-05
chr19:53178701 C/T,0.4771811,0.7131657,0.47251472,0.7083515,0.5951734,0.5904331,-0.004666388,-0.0048142076,-0.004740298
chr19:53178702 G/A,0.4911013,0.75318116,0.48733893,0.7474238,0.62214124,0.6173814,-0.0037623644,-0.005757332,-0.004759848
chr19:53178720 G/A,0.45484093,0.7560331,0.4547804,0.7569594,0.60543704,0.6058699,-6.0528517e-05,0.0009262562,0.00043284893
chr19:53178837 G/A,0.4745622,0.6942537,0.47419393,0.6943009,0.5844079,0.5842474,-0.0003682673,4.720688e-05,-0.00016051531
chr19:53178851 T/G,0.53057754,0.7177709,0.5313903,0.71714216,0.62417424,0.62426627,0.00081276894,-0.0006287098,9.202957e-05
chr19:53179004 T/C,0.4451473,0.77098393,0.4458659,0.7708996,0.6080656,0.60838276,0.0007185936,-8.434057e-05,0.00031715631
chr19:53179017 T/C,0.5366958,0.7837905,0.5369828,0.78456986,0.66024315,0.6607763,0.00028699636,0.00077933073,0.00053316355
chr19:53179018 G/C,0.48684633,0.7756097,0.48679584,0.7752802,0.63122797,0.631038,-5.0485134e-05,-0.00032949448,-0.00018996
chr19:53179068 G/A,0.44812432,0.7178896,0.44730696,0.7171896,0.583007,0.5822483,-0.0008173585,-0.00069999695,-0.0007587075
chr19:53179203 G/T,0.5208609,0.70406884,0.5210697,0.7040821,0.6124649,0.6125759,0.00020879507,1.3232231e-05,0.00011098385
chr19:53179314 C/T,0.5412342,0.72356266,0.5412674,0.72357506,0.6323984,0.63242126,3.3199787e-05,1.2397766e-05,2.2828579e-05
chr19:53179321 T/C,0.5537481,0.6734196,0.5540629,0.67347616,0.6135838,0.61376953,0.00031483173,5.6564808e-05,0.00018572807
chr19:53179358 T/C,0.4649909,0.73576206,0.4649692,0.7353748,0.6003765,0.600172,-2.1725893e-05,-0.00038725138,-0.00020450354
chr19:53179380 C/T,0.46257335,0.7102414,0.4626459,0.7101924,0.58640736,0.5864191,7.253885e-05,-4.8995018e-05,1.1742115e-05
chr19:53179429 T/A,0.56627214,0.7978327,0.5662178,0.7974175,0.68205243,0.68181765,-5.4359436e-05,-0.00041520596,-0.0002347827
chr19:53179437 T/C,0.52909464,0.75157285,0.5292272,0.7514635,0.6403338,0.64034534,0.00013256073,-0.00010937452,1.1563301e-05
chr19:53179496 G/A,0.5080749,0.7652331,0.50816697,0.76535565,0.636654,0.6367613,9.2089176e-05,0.00012254715,0.00010728836
chr19:53179577 C/T,0.5564486,0.6745664,0.55636466,0.6745507,0.6155075,0.61545765,-8.392334e-05,-1.5676022e-05,-4.9829483e-05
chr19:53179627 C/G,0.502443,0.7380291,0.50208145,0.7374937,0.62023604,0.6197876,-0.00036156178,-0.0005354285,-0.00044846535
chr19:53179651 G/A,0.5268877,0.7536789,0.5268171,0.75361264,0.64028335,0.64021486,-7.0631504e-05,-6.6280365e-05,-6.848574e-05
chr19:53179722 G/A,0.48765674,0.7295323,0.4877289,0.7292216,0.60859454,0.6084752,7.215142e-05,-0.000310719,-0.0001193285
chr19:53179765 C/T,0.49225026,0.7140089,0.49240702,0.7143086,0.6031296,0.6033578,0.00015676022,0.00029969215,0.00022816658
chr19:53180065 G/A,0.55719584,0.81311977,0.55750436,0.8135542,0.6851578,0.6855293,0.00030851364,0.00043445826,0.00037151575
chr19:53180070 G/A,0.55757105,0.81574786,0.557099,0.8161591,0.68665946,0.68662906,-0.0004720688,0.00041127205,-3.0398369e-05
chr19:53180074 C/A,0.5581044,0.7635335,0.558302,0.7611711,0.66081893,0.6597365,0.0001975894,-0.0023623705,-0.0010824203
chr19:53180448 A/C,0.50679135,0.83901316,0.5067444,0.83853424,0.6729022,0.6726393,-4.696846e-05,-0.00047892332,-0.0002629161
chr19:53180521 T/A,0.5706674,0.72216624,0.5707656,0.722238,0.6464168,0.6465018,9.8228455e-05,7.176399e-05,8.499622e-05
chr19:53180553 G/C,0.55141854,0.8022327,0.5512739,0.8021373,0.67682564,0.6767056,-0.00014466047,-9.536743e-05,-0.000120043755
chr19:53180744 G/T,0.5254577,0.7843605,0.5254743,0.78512615,0.65490913,0.65530026,1.6629696e-05,0.00076562166,0.00039112568
chr19:53181137 C/T,0.6633433,0.96795094,0.6632124,0.96804595,0.8156471,0.8156292,-0.0001308918,9.5009804e-05,-1.7940998e-05
chr19:53181180 C/T,0.65648067,1.0447325,0.65644705,1.0446846,0.85060656,0.85056585,-3.361702e-05,-4.7802925e-05,-4.0709972e-05
chr19:53181181 G/A,0.6968402,0.9995795,0.69639546,0.99903935,0.84820986,0.8477174,-0.00044476986,-0.0005401373,-0.0004924536
chr19:53181310 A/C,0.67045337,1.0037524,0.67038214,1.0040926,0.8371029,0.83723736,-7.122755e-05,0.0003402233,0.00013446808
chr19:53181311 A/C,0.69914854,0.99160755,0.69923806,0.99229366,0.84537804,0.8457658,8.952618e-05,0.00068610907,0.00038778782
chr19:53181325 C/A,0.6587515,0.92800975,0.65923476,0.9276119,0.7933806,0.7934233,0.00048327446,-0.000397861,4.2676926e-05
chr19:53181348 G/A,0.7090714,1.0133662,0.7089167,1.0135878,0.8612188,0.8612523,-0.00015467405,0.00022161007,3.349781e-05
chr19:53181400 T/C,0.64062774,0.9155587,0.6405382,0.91627,0.7780932,0.7784041,-8.952618e-05,0.00071132183,0.00031089783
chr19:53181434 G/A,0.66270816,1.0013984,0.66259944,1.0011888,0.8320533,0.8318941,-0.00010871887,-0.00020968914,-0.000159204
chr19:53181575 C/T,0.72179884,1.019143,0.7218292,1.0186437,0.8704709,0.87023646,3.0338764e-05,-0.0004992485,-0.00023442507
chr19:53181607 G/A,0.76074904,0.9913572,0.76071054,0.99103975,0.8760531,0.8758751,-3.85046e-05,-0.00031745434,-0.00017797947
chr19:53181966 C/A,0.6758403,0.98991704,0.67595446,0.9899642,0.8328787,0.8329593,0.000114142895,4.7147274e-05,8.058548e-05
chr19:53182298 T/C,0.6389345,0.9183164,0.63922024,0.9188793,0.7786255,0.77904975,0.00028574467,0.00056284666,0.00042426586
chr19:53182473 T/C,0.70291317,0.99156207,0.7032052,0.99249303,0.8472376,0.84784913,0.00029206276,0.00093096495,0.00061154366
chr19:53182551 G/A,0.6830334,0.8963226,0.6830552,0.8964894,0.789678,0.7897723,2.18153e-05,0.0001667738,9.429455e-05
chr19:53182559 G/A,0.6683692,0.9717824,0.66855943,0.97241545,0.82007575,0.82048744,0.00019025803,0.00063306093,0.00041168928
chr19:53182629 C/T,0.7636151,1.0315578,0.7638773,1.0318962,0.89758646,0.89788675,0.00026220083,0.00033843517,0.0003002882
chr19:53182683 A/G,0.6773848,0.9411078,0.6771866,0.9413068,0.8092463,0.8092467,-0.00019818544,0.00019901991,4.172325e-07
chr19:53182695 C/G,0.7234501,0.9987801,0.7235123,0.99854726,0.8611151,0.86102974,6.2167645e-05,-0.00023281574,-8.535385e-05
chr19:53182745 G/T,0.75113416,1.0015963,0.75083745,1.0012311,0.87636524,0.87603426,-0.00029671192,-0.00036525726,-0.0003309846
chr19:53182818 T/C,0.6790175,0.9520478,0.6792657,0.95248365,0.8155327,0.8158747,0.00024819374,0.00043582916,0.00034201145
chr19:53182847 G/A,0.69336504,0.9899403,0.69354266,0.9901577,0.84165263,0.84185016,0.00017762184,0.00021743774,0.0001975298
chr19:53182909 T/A,0.7262708,0.98006153,0.7266952,0.9806405,0.85316616,0.85366786,0.00042438507,0.0005789399,0.0005016923
chr19:53182922 T/A,0.67266357,0.9444383,0.6727569,0.9448977,0.80855095,0.8088273,9.3340874e-05,0.0004594326,0.00027632713
chr19:53182979 G/A,0.6990194,0.9564374,0.69918853,0.9566448,0.8277284,0.8279166,0.00016915798,0.00020736456,0.00018823147
chr19:53183014 C/T,0.7280978,1.0289643,0.7280181,1.0275767,0.87853104,0.87779737,-7.969141e-05,-0.0013875961,-0.0007336736
chr19:53183204 C/T,0.6604811,0.9805806,0.6604665,0.9806745,0.8205309,0.82057047,-1.4603138e-05,9.3877316e-05,3.9577484e-05
chr19:53183265 G/T,0.7326433,1.0262852,0.7323946,1.0261431,0.87946427,0.8792688,-0.00024873018,-0.00014209747,-0.00019544363
chr19:53183293 G/T,0.7287983,0.9796842,0.7285486,0.9795051,0.85424125,0.85402685,-0.00024968386,-0.00017905235,-0.0002143979
chr19:53183303 A/G,0.725573,0.95232874,0.72612447,0.9531811,0.8389509,0.8396528,0.0005514622,0.0008523464,0.0007019043
chr19:53183331 C/T,0.704366,0.9591252,0.7042401,0.9590696,0.8317456,0.83165485,-0.00012594461,-5.5611134e-05,-9.0777874e-05
chr19:53183453 A/T,0.6531894,0.9573386,0.6529163,0.95745,0.805264,0.8051832,-0.00027310848,0.00011140108,-8.08239e-05
chr19:53183456 C/A,0.62593645,1.0042818,0.6260713,1.0044295,0.81510913,0.8152504,0.0001348257,0.00014770031,0.00014126301
chr19:53183497 G/A,0.7000193,0.990916,0.7001971,0.9910615,0.8454677,0.84562933,0.00017780066,0.00014549494,0.0001616478
chr19:53183583 C/G,0.6667685,0.9661294,0.6664244,0.9653431,0.8164489,0.81588376,-0.0003440976,-0.0007863045,-0.00056517124
chr19:53183806 T/G,0.6853382,0.976689,0.6851727,0.9764879,0.83101356,0.8308303,-0.0001655221,-0.00020110607,-0.00018328428
chr19:53183808 T/G,0.6433899,1.0298607,0.6433558,1.0298021,0.83662534,0.83657897,-3.4093857e-05,-5.865097e-05,-4.6372414e-05
chr19:53183996 A/G,0.64623576,1.0359653,0.6455858,1.0352486,0.8411006,0.8404172,-0.00064998865,-0.00071668625,-0.00068336725
chr19:53184007 A/G,0.7135355,1.0121686,0.71327007,1.0117428,0.8628521,0.86250645,-0.00026541948,-0.00042581558,-0.00034564734
chr19:53184020 T/C,0.6496625,0.96823955,0.65107197,0.9715104,0.808951,0.8112912,0.001409471,0.0032708645,0.0023401976
chr19:53184108 G/A,0.654603,0.9701877,0.6549156,0.97051555,0.81239533,0.81271553,0.00031256676,0.00032782555,0.00032019615
chr19:53184182 G/A,0.7218234,0.9993355,0.72180873,0.99931216,0.8605795,0.8605604,-1.4662743e-05,-2.336502e-05,-1.9073486e-05
chr19:53184204 G/T,0.6436251,0.9549249,0.6434483,0.95461684,0.799275,0.79903257,-0.00017678738,-0.0003080368,-0.00024241209
chr19:53184223 T/C,0.6627885,0.96825236,0.66271996,0.96830374,0.8155204,0.8155118,-6.854534e-05,5.1379204e-05,-8.583069e-06
chr19:53184277 C/T,0.6900349,0.9973897,0.69065124,0.99791163,0.84371233,0.84428144,0.000616312,0.0005219579,0.00056910515
chr19:53184587 T/C,0.67488116,0.9226964,0.67540103,0.9226546,0.7987888,0.7990278,0.0005198717,-4.1782856e-05,0.00023901463
chr19:53184711 T/C,0.718806,0.9443627,0.72017545,0.9454849,0.83158433,0.8328302,0.0013694167,0.0011221766,0.0012458563
chr19:53184722 C/G,0.6594117,0.95551354,0.65863335,0.9523986,0.80746263,0.805516,-0.00077837706,-0.0031149387,-0.0019466281
chr19:53184787 C/T,0.737121,0.92769253,0.7371976,0.929013,0.83240676,0.8331053,7.659197e-05,0.0013204813,0.00069856644
chr19:53184791 G/A,0.70497954,0.9351506,0.70559573,0.93709683,0.8200651,0.8213463,0.0006161928,0.0019462109,0.0012812018
chr19:53184844 G/C,0.6438944,0.9518525,0.64422935,0.9519809,0.79787344,0.7981051,0.0003349781,0.0001283884,0.00023168325
chr19:53184881 A/G,0.730291,0.9628417,0.72949857,0.9640418,0.8465663,0.84677017,-0.00079244375,0.0012001395,0.00020384789
chr19:53184986 C/T,0.6325535,0.91348493,0.63235825,0.913424,0.7730192,0.77289116,-0.00019526482,-6.0915947e-05,-0.00012803078
chr19:53185124 A/G,0.6522796,0.97437066,0.65238327,0.9745195,0.81332517,0.8134514,0.00010365248,0.0001488328,0.00012624264
chr19:53185198 C/G,0.71601284,1.0176412,0.7160952,1.017835,0.866827,0.8669651,8.237362e-05,0.0001938343,0.00013810396
chr19:53185251 C/T,0.69522697,0.9501559,0.69468606,0.9498959,0.82269144,0.822291,-0.00054091215,-0.00025999546,-0.000400424
chr19:53185531 A/T,0.6972501,0.9952081,0.6972042,0.9954487,0.8462291,0.8463265,-4.595518e-05,0.00024062395,9.739399e-05
chr19:53185582 G/A,0.7115422,1.0123248,0.7115968,1.0123744,0.86193347,0.86198556,5.4597855e-05,4.9591064e-05,5.209446e-05
chr19:53185593 G/T,0.77576506,0.970411,0.77542347,0.9707648,0.873088,0.87309414,-0.00034159422,0.00035381317,6.1392784e-06
chr19:53185614 G/T,0.64951956,0.9652969,0.64954436,0.96497905,0.8074082,0.8072617,2.4795532e-05,-0.00031787157,-0.00014650822
chr19:53185792 T/C,0.61102295,1.0250225,0.6112723,1.0256593,0.8180227,0.8184658,0.00024932623,0.000636816,0.00044310093
chr19:53185908 G/A,0.6436685,0.96990645,0.6439012,0.9695393,0.8067875,0.80672026,0.00023275614,-0.0003671646,-6.723404e-05
chr19:53185966 G/T,0.71022516,1.0106201,0.71081376,1.0120194,0.8604226,0.8614166,0.00058859587,0.0013992786,0.000993967
chr19:53185984 G/A,0.6356875,1.0193608,0.6355488,1.0191567,0.8275241,0.82735276,-0.00013870001,-0.0002040863,-0.00017136335
chr19:53186027 A/G,0.66980624,0.9482053,0.6693875,0.9486798,0.80900574,0.80903363,-0.00041872263,0.00047451258,2.7894974e-05
chr19:53186071 G/C,0.6993794,0.93166053,0.7007077,0.9331719,0.8155199,0.81693983,0.0013282895,0.001511395,0.0014199018
chr19:53186092 G/A,0.68221694,1.0228195,0.68182415,1.0222926,0.8525182,0.8520584,-0.0003927946,-0.00052690506,-0.00045979023
chr19:53186105 G/A,0.7773911,0.9747369,0.7769536,0.97442967,0.876064,0.87569165,-0.0004374981,-0.00030726194,-0.00037235022
chr19:53186192 C/T,0.633888,1.0237994,0.6347997,1.0231578,0.8288437,0.8289788,0.00091171265,-0.0006415844,0.00013506413
chr19:53186259 G/C,0.7042896,0.9004655,0.7052859,0.9011105,0.8023776,0.8031982,0.0009962916,0.00064498186,0.00082063675
chr19:53186346 C/T,0.7306764,0.98924273,0.73125213,0.98906875,0.8599596,0.86016047,0.00057572126,-0.00017398596,0.00020086765
chr19:53186627 T/G,0.7165157,0.9356311,0.7170413,0.9354237,0.8260734,0.8262325,0.00052559376,-0.00020742416,0.0001590848
chr19:53186673 C/T,0.7316873,0.9673914,0.73109895,0.96780384,0.84953934,0.8494514,-0.00058835745,0.00041246414,-8.791685e-05
chr19:53186687 C/G,0.68764323,0.98192984,0.6876768,0.98107815,0.83478653,0.83437747,3.3557415e-05,-0.00085169077,-0.00040906668
chr19:53186692 G/A,0.66619647,0.9931135,0.6655934,0.99327767,0.829655,0.8294355,-0.0006030798,0.00016415119,-0.0002194643
chr19:53186705 T/C,0.6755704,1.009733,0.67581856,1.0104027,0.8426517,0.8431106,0.00024813414,0.0006697178,0.00045889616
chr19:53186802 A/C,0.70519894,0.9768541,0.7043801,0.97686964,0.84102654,0.84062487,-0.0008188486,1.5556812e-05,-0.0004016757
chr19:53186836 A/G,0.6447207,0.96588576,0.64422625,0.9649422,0.8053032,0.80458426,-0.0004944205,-0.0009435415,-0.0007189512
chr19:53186842 G/T,0.66713184,0.9965404,0.6673409,0.9963992,0.8318361,0.8318701,0.00020903349,-0.0001412034,3.3974648e-05
chr19:53186880 A/G,0.64070976,1.022821,0.64031994,1.0228194,0.83176535,0.8315697,-0.00038981438,-1.5497208e-06,-0.00019568205
chr19:53186933 C/G,0.6940143,0.9797872,0.6948709,0.9804945,0.8369007,0.8376827,0.00085657835,0.0007073283,0.00078201294
chr19:53186948 A/G,0.6631276,0.9869913,0.6628381,0.9866781,0.8250594,0.8247581,-0.00028949976,-0.0003131628,-0.00030130148
chr19:53187055 C/T,0.68834454,0.9688955,0.68812126,0.9693348,0.82862,0.828728,-0.000223279,0.00043928623,0.000108003616
chr19:53187079 C/T,0.7097062,1.0064657,0.7095552,1.0057839,0.85808593,0.8576696,-0.00015097857,-0.0006817579,-0.00041633844
chr19:53187198 T/C,0.6570766,0.99280375,0.6573776,0.9936805,0.8249402,0.82552904,0.00030100346,0.0008767247,0.0005888343
chr19:53187209 G/A,0.69541675,0.9848187,0.695667,0.98468333,0.8401177,0.84017515,0.0002502799,-0.00013536215,5.7458878e-05
chr19:53187230 C/T,0.6937954,1.0173781,0.693803,1.0180014,0.85558677,0.8559022,7.6293945e-06,0.0006233454,0.00031542778
chr19:53187379 T/C,0.7935035,0.9174696,0.79363185,0.91752136,0.8554866,0.85557663,0.0001283288,5.173683e-05,9.006262e-05
chr19:53187428 C/T,0.64883864,0.97876006,0.6485546,0.97871625,0.8137994,0.81363547,-0.00028401613,-4.3809414e-05,-0.00016391277
chr19:53187551 G/C,0.6585574,0.9692609,0.6586532,0.96926177,0.8139092,0.81395745,9.5784664e-05,8.940697e-07,4.8279762e-05
chr19:53187557 T/G,0.69262826,1.0139716,0.69305176,1.01462,0.8532999,0.8538358,0.000423491,0.0006483793,0.00053590536
chr19:53187613 A/T,0.7289523,1.0161375,0.7289225,1.0156872,0.8725449,0.87230486,-2.9802322e-05,-0.0004502535,-0.0002400279
chr19:53187679 A/G,0.6580721,0.96672726,0.6580724,0.9674318,0.8123997,0.8127521,2.9802322e-07,0.0007045269,0.00035244226
chr19:53187727 A/G,0.6747132,0.9616118,0.67468995,0.9614336,0.8181625,0.81806177,-2.3245811e-05,-0.00017821789,-0.00010073185
chr19:53187903 G/A,0.7184588,0.94833624,0.71854824,0.9484348,0.8333975,0.83349156,8.946657e-05,9.858608e-05,9.405613e-05
chr19:53188027 A/G,0.74602276,0.99010086,0.74528,0.9892895,0.8680618,0.8672848,-0.0007427335,-0.0008113384,-0.00077700615
chr19:53188049 A/G,0.65473396,0.9503161,0.65452087,0.9498036,0.80252504,0.80216223,-0.0002130866,-0.00051248074,-0.00036281347
chr19:53188110 G/A,0.6646606,0.97669053,0.6646639,0.97806424,0.82067555,0.82136405,3.33786e-06,0.0013737082,0.00068849325
chr19:53188161 T/G,0.719447,0.97619677,0.7209436,0.9771958,0.8478219,0.8490697,0.001496613,0.0009990335,0.0012478232
chr19:53188261 A/T,0.746414,1.0095434,0.7470972,1.0089048,0.8779787,0.878001,0.00068318844,-0.00063860416,2.2292137e-05
chr19:53188297 C/A,0.7167466,0.95421946,0.7163231,0.95343506,0.8354831,0.83487904,-0.0004235506,-0.0007843971,-0.00060403347
chr19:53188427 C/T,0.667241,0.9125125,0.66752183,0.91210747,0.7898767,0.78981465,0.0002808571,-0.00040501356,-6.2048435e-05
chr19:53188609 C/T,0.67260414,0.951282,0.6723497,0.9510125,0.81194305,0.8116811,-0.00025445223,-0.0002695322,-0.0002619624
chr19:53188667 T/C,0.74296933,0.98172545,0.742627,0.9820708,0.86234736,0.8623489,-0.00034230947,0.0003453493,1.5497208e-06
chr19:53188795 T/C,0.7424286,0.981772,0.74324715,0.98226327,0.8621003,0.8627552,0.0008185506,0.0004912615,0.00065487623
chr19:53188813 A/G,0.6371045,0.9325998,0.636453,0.93104625,0.78485215,0.7837496,-0.0006515384,-0.0015535355,-0.0011025667
chr19:53188862 A/G,0.6530261,0.97899103,0.6533565,0.97815615,0.81600857,0.8157563,0.00033038855,-0.00083488226,-0.00025224686
chr19:53188886 T/A,0.65987563,0.98544085,0.66023856,0.9858756,0.82265824,0.82305706,0.00036293268,0.00043475628,0.00039881468
chr19:53188890 C/T,0.66475916,0.9874193,0.66450137,0.9871958,0.82608926,0.8258486,-0.0002577901,-0.00022351742,-0.00024068356
chr19:53188965 C/T,0.6898603,0.9997897,0.68966615,0.999826,0.844825,0.8447461,-0.00019413233,3.629923e-05,-7.891655e-05
chr19:53189048 G/A,0.67551666,0.989177,0.6751982,0.9883755,0.8323468,0.8317869,-0.00031846762,-0.00080150366,-0.00055992603
chr19:53189128 G/A,0.64960194,1.020342,0.649553,1.0204877,0.83497196,0.8350203,-4.8935413e-05,0.00014567375,4.8339367e-05
chr19:53189214 A/G,0.6303646,0.95553744,0.6294703,0.9531094,0.792951,0.7912898,-0.0008943081,-0.0024280548,-0.0016611814
chr19:53189232 C/T,0.6483576,0.99736357,0.64724493,0.9935546,0.8228606,0.82039976,-0.0011126995,-0.0038089752,-0.0024608374
chr19:53189272 A/C,0.63245463,0.98380107,0.63282615,0.98668504,0.8081279,0.80975556,0.00037151575,0.0028839707,0.0016276836
chr19:53189283 T/G,0.7488616,0.93756163,0.7493504,0.93923306,0.84321165,0.84429175,0.0004888177,0.0016714334,0.0010800958
chr19:53189351 G/A,0.70770115,0.98095644,0.70769614,0.98111,0.84432876,0.844403,-5.00679e-06,0.00015354156,7.426739e-05
chr19:53189378 C/G,0.6488465,0.93925387,0.6480737,0.9365883,0.7940502,0.792331,-0.0007728338,-0.0026655793,-0.0017192364
chr19:53189428 T/C,0.68059856,0.9659931,0.68070877,0.9696962,0.82329583,0.82520247,0.00011020899,0.0037031174,0.0019066334
chr19:53189436 T/G,0.6545003,0.9856365,0.65564156,0.9893006,0.82006836,0.8224711,0.0011412501,0.003664136,0.0024027228
chr19:53189562 G/A,0.69916517,0.9711301,0.6990048,0.96964234,0.8351476,0.8343236,-0.0001603365,-0.0014877319,-0.0008240342
chr19:53189567 T/A,0.71775025,0.93248653,0.7137984,0.9292282,0.8251184,0.8215133,-0.0039518476,-0.0032583475,-0.0036051273
chr19:53189572 T/C,0.68101656,0.9699681,0.6841161,0.9781842,0.8254923,0.8311502,0.0030995607,0.008216143,0.0056578517
chr19:53189588 A/G,0.6249788,0.88949376,0.62437266,0.8869346,0.75723624,0.7556536,-0.00060611963,-0.002559185,-0.0015826225
chr19:53189630 C/G,0.65209544,0.9722191,0.651469,0.97187364,0.8121573,0.8116713,-0.0006264448,-0.00034546852,-0.00048595667
chr19:53189661 A/C,0.7221872,0.99798465,0.7221738,0.9994299,0.86008596,0.8608018,-1.3411045e-05,0.0014452338,0.0007158518
chr19:53189775 A/G,0.6685437,0.9395321,0.6686968,0.94064415,0.8040379,0.80467045,0.00015312433,0.0011120439,0.0006325245
chr19:53189830 T/C,0.6637072,0.9512761,0.6638466,0.9517656,0.80749166,0.80780613,0.00013941526,0.00048947334,0.0003144741
chr19:53189837 G/C,0.63598585,0.92517823,0.63673854,0.9256084,0.7805821,0.78117347,0.00075268745,0.00043016672,0.0005913973
chr19:53189913 A/C,0.7363072,0.9728696,0.73566824,0.972089,0.8545884,0.8538786,-0.0006389618,-0.0007805824,-0.0007097721
chr19:53189966 C/T,0.65451705,0.954151,0.65503967,0.9549998,0.80433404,0.80501974,0.0005226135,0.00084882975,0.00068569183
chr19:53190061 C/G,0.70816797,0.9890323,0.70803034,0.9889611,0.84860015,0.8484957,-0.00013762712,-7.122755e-05,-0.00010442734
chr19:53190089 G/A,0.7172555,0.94291574,0.7176293,0.9430401,0.83008564,0.83033466,0.00037384033,0.00012433529,0.0002490282
chr19:53190135 A/G,0.6981014,0.93423986,0.6978885,0.93399733,0.81617063,0.8159429,-0.00021290779,-0.0002425313,-0.00022774935
chr19:53190174 T/C,0.69065577,1.0023344,0.69062054,1.0029148,0.84649503,0.84676766,-3.5226345e-05,0.00058043003,0.00027263165
chr19:53190203 G/A,0.74105054,0.9752914,0.7404434,0.9751318,0.858171,0.8577876,-0.0006071329,-0.00015956163,-0.00038337708
chr19:53190208 G/A,0.63442487,1.0121319,0.6345835,1.0129304,0.8232784,0.82375693,0.00015860796,0.0007984638,0.0004785061
chr19:53190306 T/C,0.7201987,0.981263,0.72095025,0.9828804,0.85073084,0.85191536,0.00075155497,0.0016174316,0.0011845231
chr19:53190568 G/A,0.7113574,1.0269463,0.71134263,1.0261915,0.86915183,0.868767,-1.4781952e-05,-0.0007548332,-0.0003848076
chr19:53190605 G/T,0.6375869,0.93187535,0.63804466,0.93196094,0.78473115,0.7850028,0.00045776367,8.559227e-05,0.00027167797
chr19:53190606 C/A,0.6542969,0.9584651,0.6545732,0.9579746,0.806381,0.80627394,0.00027632713,-0.0004904866,-0.00010704994
chr19:53190656 G/T,0.60414594,1.0113987,0.6043618,1.0119594,0.8077723,0.8081606,0.00021582842,0.0005607605,0.00038832426
chr19:53190657 C/A,0.67227,0.9489522,0.672643,0.9494248,0.8106111,0.8110339,0.00037300587,0.00047260523,0.00042277575
chr19:53190728 T/G,0.68643016,0.98694277,0.68631774,0.9880531,0.8366865,0.8371854,-0.00011241436,0.0011103153,0.0004988909
chr19:53190747 A/T,0.66695964,0.92123747,0.66718173,0.9208203,0.79409856,0.794001,0.0002220869,-0.0004171729,-9.75728e-05
chr19:53190785 A/T,0.6733859,0.9486439,0.6734245,0.94808877,0.8110149,0.8107566,3.8564205e-05,-0.00055515766,-0.00025826693
chr19:53190845 A/G,0.71497613,0.9557172,0.7134274,0.9569528,0.8353467,0.8351901,-0.0015487075,0.0012356043,-0.0001565814
chr19:53190935 G/A,0.70227116,0.92054826,0.7022768,0.92079693,0.8114097,0.8115369,5.6624413e-06,0.00024867058,0.00012719631
chr19:53191005 G/A,0.64434195,0.9428785,0.64418995,0.94291353,0.7936102,0.79355174,-0.00015199184,3.504753e-05,-5.8472157e-05
chr19:53191015 C/T,0.7082517,0.97734326,0.7089223,0.97787434,0.8427975,0.84339833,0.00067061186,0.0005310774,0.0006008148
chr19:53191046 C/T,0.67016995,1.0194947,0.67025924,1.0199565,0.8448323,0.84510785,8.928776e-05,0.0004618168,0.00027555227
chr19:53191093 T/A,0.7235028,0.9698632,0.7234806,0.970526,0.846683,0.8470033,-2.2232533e-05,0.00066280365,0.00032025576
chr19:53191399 T/C,0.7077116,0.9763707,0.7070351,0.97644144,0.84204113,0.8417383,-0.0006764531,7.075071e-05,-0.0003028512
chr19:53191499 C/T,0.6690327,0.9096754,0.6679423,0.90910196,0.7893541,0.7885221,-0.0010904074,-0.0005734563,-0.00083196163
chr19:53191542 G/A,0.68354666,0.9644618,0.6826939,0.96382093,0.82400423,0.82325745,-0.00085276365,-0.00064086914,-0.0007467866
chr19:53191588 T/A,0.70012575,0.99012583,0.70043266,0.9897752,0.8451258,0.8451039,0.00030690432,-0.00035065413,-2.1874905e-05
chr19:53191760 T/C,0.63588923,0.96553695,0.63551414,0.9648015,0.80071306,0.8001578,-0.00037509203,-0.0007354617,-0.00055527687
chr19:53191767 C/T,0.6679765,0.8641144,0.6674994,0.86487824,0.76604545,0.76618886,-0.00047707558,0.0007638335,0.00014340878
chr19:53191817 C/T,0.6841624,0.95187426,0.6844942,0.95232016,0.8180183,0.8184072,0.00033181906,0.00044590235,0.0003888607
chr19:53191898 C/A,0.6164734,0.88560313,0.6185672,0.88862437,0.75103825,0.7535958,0.0020938516,0.0030212402,0.0025575757
chr19:53191905 T/C,0.6294688,0.9548035,0.63070154,0.95696837,0.7921362,0.7938349,0.0012327433,0.0021648407,0.0016987324
chr19:53191923 C/T,0.73507637,0.87993497,0.73559886,0.8799432,0.80750567,0.807771,0.0005224943,8.225441e-06,0.00026535988
chr19:53191928 A/G,0.633929,0.9674182,0.63357925,0.96657,0.8006736,0.80007464,-0.00034976006,-0.0008481741,-0.0005989671
chr19:53191986 T/C,0.72975695,0.9756,0.7317812,0.98253965,0.8526785,0.85716045,0.0020242333,0.0069396496,0.0044819713
chr19:53192224 A/G,0.6441577,1.0172818,0.6446749,1.0206693,0.8307197,0.8326721,0.0005171895,0.0033875704,0.0019524097
chr19:53192285 C/T,0.62324315,0.9224779,0.6251109,0.92320174,0.7728605,0.77415633,0.0018677711,0.0007238388,0.001295805
chr19:53192327 A/G,0.68425494,0.97281,0.6843898,0.97030646,0.82853246,0.8273481,0.00013488531,-0.0025035143,-0.0011843443
chr19:53192449 T/C,0.6552307,0.9342249,0.6555342,0.93294746,0.7947278,0.79424083,0.00030350685,-0.0012774467,-0.00048696995
chr19:53192512 T/C,0.6298989,1.0051916,0.63023806,1.0074148,0.81754524,0.81882644,0.00033915043,0.0022232533,0.0012812018
chr19:53192650 C/T,0.653587,0.91621906,0.65324193,0.91673833,0.78490305,0.78499013,-0.0003450513,0.00051927567,8.7082386e-05
chr19:53192659 A/G,0.6901093,0.8803749,0.68998665,0.8802864,0.7852421,0.7851365,-0.00012266636,-8.85129e-05,-0.000105559826
chr19:53192664 T/C,0.62427825,0.8836468,0.62529343,0.8848808,0.7539625,0.75508714,0.0010151863,0.001233995,0.0011246204
chr19:53192698 T/G,0.6286376,0.96314794,0.62942564,0.9628141,0.7958928,0.79611987,0.000788033,-0.00033384562,0.0002270937
chr19:53192721 G/A,0.65207577,0.97153455,0.6527464,0.9741899,0.8118051,0.8134681,0.00067061186,0.0026553273,0.0016629696
chr19:53192729 C/G,0.7246904,0.96574116,0.72432,0.9663819,0.8452158,0.845351,-0.00037038326,0.00064074993,0.00013518333
chr19:53192760 C/T,0.6703623,0.97919357,0.6710072,0.9798782,0.82477796,0.8254427,0.00064492226,0.00068461895,0.000664711
chr19:53192774 C/T,0.6571811,0.949567,0.6570237,0.9478653,0.80337405,0.8024445,-0.00015735626,-0.0017017126,-0.00092953444
chr19:53192826 G/C,0.62765694,0.9620816,0.6262309,0.96140873,0.7948693,0.7938198,-0.0014260411,-0.00067287683,-0.0010495186
chr19:53192919 C/T,0.6614237,0.8651159,0.66175985,0.86384016,0.7632698,0.7628,0.0003361702,-0.0012757182,-0.0004698038
chr19:53192952 C/G,0.6352699,0.9679964,0.6369713,0.9664917,0.8016331,0.80173147,0.0017014146,-0.0015047193,9.8347664e-05
chr19:53192996 C/T,0.68506175,0.97230387,0.6837842,0.96955174,0.8286828,0.82666796,-0.001277566,-0.0027521253,-0.0020148158
chr19:53193073 G/A,0.7000191,0.93234,0.6974524,0.9323888,0.8161796,0.8149206,-0.0025666952,4.87566e-05,-0.0012589693
chr19:53193347 A/G,0.6636692,0.9209778,0.66384643,0.92371815,0.79232347,0.7937823,0.00017720461,0.0027403831,0.0014588237
chr19:53193364 C/G,0.63092166,0.9414489,0.63271654,0.9557754,0.78618526,0.79424596,0.0017948747,0.014326453,0.008060694
chr19:53193449 A/C,0.68819076,0.89984584,0.6821777,0.8907233,0.79401827,0.7864505,-0.006013036,-0.0091225505,-0.0075677633
chr19:53193647 C/T,0.7157052,0.9493623,0.7111577,0.9457105,0.8325337,0.8284341,-0.0045475364,-0.0036517978,-0.0040996075
chr19:53193747 T/C,0.71381813,0.9052021,0.72698796,0.8929809,0.8095101,0.80998445,0.013169825,-0.012221217,0.00047433376
chr19:53193770 A/G,0.7181243,0.96756244,0.72697127,0.98850495,0.84284335,0.85773814,0.008846998,0.02094251,0.0148947835
chr19:53193869 G/A,0.6204605,0.88928765,0.61723995,0.84138656,0.7548741,0.72931325,-0.0032205582,-0.047901094,-0.025560856
chr19:53193903 G/C,0.71497387,0.9537316,0.7075247,0.93564224,0.83435273,0.8215835,-0.00744915,-0.018089354,-0.012769222
chr19:53193959 A/G,0.6878055,0.9674097,0.6945447,0.98350966,0.8276076,0.83902717,0.006739199,0.01609999,0.011419594
chr19:53193964 T/C,0.63439333,0.9399149,0.6423926,0.97613764,0.7871541,0.80926514,0.007999241,0.036222756,0.022111058
chr19:53194059 C/T,0.648895,0.9079608,0.6500556,0.90643185,0.7784279,0.7782437,0.001160562,-0.0015289187,-0.00018417835
chr19:53194081 C/A,0.6290954,0.9701578,0.6297158,0.968371,0.7996266,0.7990434,0.00062042475,-0.001786828,-0.00058317184
chr19:53194085 T/C,0.6705193,0.9948205,0.6730729,0.9964198,0.83266985,0.83474636,0.0025535822,0.0015993118,0.0020765066
chr19:53194140 T/G,0.63181704,1.011566,0.6333451,1.0266756,0.8216915,0.83001035,0.0015280843,0.015109539,0.008318841
chr19:53194344 C/T,0.65806055,0.9685946,0.6573477,0.96768874,0.81332755,0.81251824,-0.00071287155,-0.0009058714,-0.00080931187
chr19:53194406 T/G,0.70982176,1.0164447,0.71183276,1.0181563,0.8631332,0.8649945,0.002011001,0.001711607,0.0018613338
chr19:53194450 T/C,0.6364053,0.9497441,0.636893,0.95136714,0.7930747,0.7941301,0.0004876852,0.0016230345,0.0010553598
chr19:53194471 T/C,0.68919307,0.9777707,0.6898659,0.97808886,0.8334819,0.83397734,0.00067281723,0.0003181696,0.0004954338
chr19:53194596 G/C,0.6309952,0.9591948,0.6275908,0.95697224,0.79509497,0.7922815,-0.0034044385,-0.002222538,-0.0028134584
chr19:53194689 G/A,0.7019473,0.97236776,0.7021634,0.9714716,0.8371575,0.8368175,0.00021612644,-0.00089615583,-0.0003399849
chr19:53194696 G/A,0.66904646,0.98969525,0.66920763,0.98904586,0.82937086,0.8291267,0.00016117096,-0.0006493926,-0.00024414062
chr19:53194846 G/A,0.61754215,0.958101,0.61719114,0.95749736,0.78782153,0.7873442,-0.00035101175,-0.00060361624,-0.000477314
chr19:53194857 G/A,0.69231063,0.9191977,0.6931187,0.9201179,0.8057542,0.80661833,0.00080806017,0.0009202361,0.00086414814
chr19:53194971 G/A,0.6537818,0.93078434,0.65412533,0.9310561,0.79228306,0.79259074,0.00034356117,0.00027173758,0.00030767918
chr19:53195039 T/C,0.70204663,0.9881373,0.7038079,0.9901554,0.84509194,0.84698164,0.0017612576,0.002018094,0.0018897057
chr19:53195134 A/G,0.64094204,0.97583497,0.64183605,0.97616607,0.8083885,0.8090011,0.00089401007,0.0003311038,0.00061261654
chr19:53195210 G/C,0.65138525,0.92837656,0.64519036,0.9097866,0.7898809,0.77748847,-0.0061948895,-0.018589973,-0.012392402
chr19:53195421 G/C,0.7175964,1.0095925,0.71733683,1.0099944,0.8635945,0.8636656,-0.00025957823,0.00040185452,7.110834e-05
chr19:53195426 C/G,0.71098167,0.99212503,0.71185213,0.9939859,0.8515533,0.852919,0.00087046623,0.001860857,0.0013656616
chr19:53195547 A/G,0.69433296,0.9644331,0.6943999,0.96454245,0.829383,0.8294712,6.6936016e-05,0.00010937452,8.815527e-05
chr19:53195596 A/G,0.6278604,0.93855983,0.62793684,0.9380393,0.78321016,0.7829881,7.6413155e-05,-0.00052052736,-0.0002220869
chr19:53195715 C/G,0.6974319,0.9274836,0.6967463,0.92708033,0.8124578,0.8119133,-0.0006856322,-0.00040328503,-0.00054448843
chr19:53195735 A/G,0.66331375,0.8831244,0.6628555,0.88312256,0.7732191,0.77298903,-0.0004582405,-1.847744e-06,-0.00023007393
chr19:53195743 G/A,0.6390772,0.96123475,0.6391271,0.9615207,0.800156,0.80032384,4.9889088e-05,0.00028592348,0.00016784668
chr19:53195753 A/C,0.6937387,0.9177225,0.6943873,0.91731864,0.8057306,0.805853,0.00064861774,-0.00040388107,0.00012242794
chr19:53195761 C/A,0.70527256,0.9496115,0.7058331,0.94981945,0.82744205,0.82782626,0.0005605221,0.0002079606,0.00038421154
chr19:53195767 G/A,0.68891275,0.9379549,0.6891232,0.9378388,0.8134338,0.813481,0.000210464,-0.00011610985,4.7147274e-05
chr19:53195789 C/T,0.6287017,0.90103513,0.6288182,0.90036476,0.7648684,0.76459146,0.00011652708,-0.00067037344,-0.00027692318
chr19:53195851 T/C,0.6508815,0.91284484,0.6501209,0.9112368,0.7818632,0.78067887,-0.0007606149,-0.0016080141,-0.0011843443
chr19:53196007 G/A,0.6906742,0.979269,0.6905569,0.9781109,0.8349716,0.8343339,-0.00011730194,-0.0011581182,-0.0006377101
chr19:53196078 G/A,0.7042854,1.0088362,0.7042981,1.009283,0.85656077,0.85679054,1.2695789e-05,0.00044679642,0.0002297759
chr19:53196097 C/T,0.70506495,0.97384715,0.7056367,0.9744853,0.8394561,0.84006095,0.00057172775,0.0006381273,0.00060486794
chr19:53196159 A/C,0.6611458,0.96518916,0.66081744,0.96514225,0.81316745,0.8129798,-0.000328362,-4.6908855e-05,-0.00018763542
chr19:53196202 C/T,0.7190973,0.9786364,0.71883136,0.97810626,0.8488668,0.8484688,-0.00026595592,-0.0005301237,-0.00039803982
chr19:53196456 G/A,0.70224375,1.0313766,0.70112586,1.0316205,0.8668102,0.8663732,-0.0011178851,0.0002439022,-0.00043702126
chr19:53196524 G/A,0.63393897,0.95198023,0.63416815,0.9520452,0.7929596,0.7931067,0.00022917986,6.496906e-05,0.00014710426
chr19:53196590 G/T,0.7040884,1.0070034,0.7038666,1.006627,0.8555459,0.8552468,-0.00022178888,-0.00037646294,-0.0002990961
chr19:53196619 T/A,0.6484107,0.90902233,0.6485144,0.908537,0.7787165,0.7785257,0.00010371208,-0.00048536062,-0.00019079447
chr19:53196772 G/A,0.62872726,0.95704967,0.6284259,0.9565583,0.79288846,0.7924921,-0.00030136108,-0.0004913807,-0.0003963709
chr19:53196803 C/T,0.6645059,0.93068475,0.6641576,0.93053865,0.7975953,0.79734814,-0.00034826994,-0.00014609098,-0.00024718046
chr19:53196822 C/T,0.6496513,0.9822429,0.6499709,0.9817779,0.81594706,0.8158744,0.0003196001,-0.00046497583,-7.265806e-05
chr19:53196987 G/A,0.7323813,0.9803083,0.7315342,0.9796634,0.8563448,0.8555988,-0.0008471012,-0.00064492226,-0.00074601173
chr19:53197009 C/T,0.6392009,0.9394176,0.63871586,0.9375162,0.78930926,0.78811604,-0.0004850626,-0.0019013882,-0.0011932254
chr19:53197067 G/A,0.63124657,0.91754496,0.63038146,0.916942,0.77439576,0.77366173,-0.0008651018,-0.0006029606,-0.0007340312
chr19:53197086 G/A,0.680282,0.9968236,0.68133074,0.9974431,0.83855283,0.83938694,0.0010487437,0.0006194711,0.0008341074
chr19:53197100 C/T,0.6735542,1.0087032,0.673558,1.0083821,0.8411287,0.84097004,3.8146973e-06,-0.00032114983,-0.00015866756
chr19:53197131 T/G,0.64817995,0.9069172,0.6474234,0.90619016,0.77754855,0.7768068,-0.00075656176,-0.00072705746,-0.0007417798
chr19:53197138 G/A,0.64171207,0.94546527,0.6414903,0.9453392,0.79358864,0.7934147,-0.00022178888,-0.00012606382,-0.00017392635
chr19:53197405 C/T,0.6253729,0.942949,0.62694186,0.94235617,0.784161,0.784649,0.0015689731,-0.0005928278,0.00048804283
chr19:53197463 T/C,0.68866336,0.9226171,0.6884161,0.9198022,0.8056402,0.80410916,-0.00024724007,-0.002814889,-0.0015310645
chr19:53197502 C/T,0.6681855,0.96081126,0.66790986,0.96071017,0.81449836,0.81431,-0.00027561188,-0.00010108948,-0.00018835068
chr19:53197658 G/C,0.6140062,0.9022382,0.62210834,0.9092212,0.7581222,0.76566476,0.008102119,0.006982982,0.0075425506
chr19:53197664 C/T,0.5965986,0.9934598,0.6002141,1.002526,0.7950292,0.8013701,0.0036154985,0.009066224,0.0063408613
chr19:53197744 A/G,0.6824581,1.0200057,0.68187183,1.0209289,0.85123193,0.8514004,-0.0005862713,0.00092315674,0.00016844273
chr19:53197770 C/A,0.6416606,0.92132956,0.66378784,0.9382968,0.7814951,0.8010423,0.02212727,0.016967237,0.019547224
chr19:53197844 C/T,0.62839633,0.94770914,0.6274508,0.94839036,0.78805274,0.7879206,-0.0009455085,0.0006812215,-0.0001321435
chr19:53197885 A/G,0.70084685,0.95205945,0.7002594,0.9531677,0.82645315,0.82671356,-0.0005874634,0.0011082292,0.0002604127
chr19:53197891 T/G,0.68745464,0.917644,0.68721163,0.9160777,0.80254936,0.8016447,-0.00024300814,-0.0015663505,-0.0009046793
chr19:53197974 A/G,0.64349735,0.97918326,0.64325505,0.97952086,0.81134033,0.81138796,-0.00024229288,0.0003376007,4.762411e-05
chr19:53198023 C/T,0.69113773,0.9276854,0.69119763,0.92732394,0.8094115,0.8092608,5.9902668e-05,-0.00036144257,-0.00015074015
chr19:53198086 T/C,0.6407471,1.0078024,0.64082694,1.0069764,0.8242747,0.82390165,7.9870224e-05,-0.00082600117,-0.00037306547
chr19:53198140 G/T,0.6339536,0.9694762,0.6340767,0.96947765,0.8017149,0.8017772,0.0001231432,1.4305115e-06,6.2286854e-05
chr19:53198177 T/C,0.6165865,0.95562285,0.61684215,0.9552603,0.7861047,0.7860512,0.00025564432,-0.00036257505,-5.3465366e-05
chr19:53198350 G/A,0.6299485,0.9476609,0.6302263,0.94801664,0.7888047,0.7891215,0.00027781725,0.00035572052,0.0003167987
chr19:53198425 A/G,0.6690083,0.90266573,0.6693354,0.9026934,0.78583705,0.78601444,0.0003271103,2.7656555e-05,0.00017738342
chr19:53198450 G/A,0.6597134,0.9397858,0.65924203,0.9390627,0.7997496,0.7991524,-0.00047135353,-0.00072306395,-0.00059723854
chr19:53198558 G/A,0.5973115,0.92819244,0.59721184,0.9285708,0.76275194,0.7628913,-9.9658966e-05,0.00037837029,0.00013935566
chr19:53198750 C/G,0.6520361,0.96450675,0.65211666,0.96439654,0.8082714,0.8082566,8.058548e-05,-0.00011020899,-1.4781952e-05
chr19:53198757 A/G,0.71159273,0.97310907,0.71189094,0.97250533,0.8423509,0.84219813,0.00029820204,-0.00060373545,-0.0001527667
chr19:53198790 A/G,0.6238287,0.9242493,0.62397647,0.924249,0.77403903,0.7741127,0.00014775991,-2.9802322e-07,7.367134e-05
chr19:53198830 T/G,0.611042,0.95789355,0.61093414,0.9578961,0.7844678,0.7844151,-0.00010788441,2.5629997e-06,-5.2690506e-05
chr19:53199040 G/A,0.3522698,0.64622635,0.35203916,0.6459258,0.4992481,0.4989825,-0.00023064017,-0.00030052662,-0.0002655983
chr19:53199046 C/T,0.36094323,0.59221596,0.36089212,0.59206146,0.4765796,0.4764768,-5.1110983e-05,-0.00015449524,-0.00010281801
chr19:53199047 A/G,0.39352483,0.58399665,0.3941212,0.58475846,0.48876074,0.48943985,0.0005963743,0.00076180696,0.0006791055
chr19:53199068 C/T,0.3580744,0.611078,0.35805762,0.61163706,0.48457623,0.48484734,-1.6778708e-05,0.00055903196,0.00027111173
chr19:53199116 T/G,0.34583643,0.55808145,0.34626496,0.5582054,0.45195895,0.4522352,0.0004285276,0.00012397766,0.00027623773
chr19:53199128 G/C,0.332401,0.6373651,0.33305582,0.63968676,0.48488307,0.48637128,0.0006548166,0.0023216605,0.0014882088
chr19:53199138 C/T,0.38269612,0.65847313,0.38275796,0.65859145,0.52058464,0.5206747,6.183982e-05,0.00011831522,9.006262e-05
chr19:53199151 G/T,0.39596945,0.6256197,0.39578384,0.62525064,0.5107946,0.51051724,-0.00018560886,-0.00036907196,-0.0002773404
chr19:53199167 G/A,0.41693634,0.6103722,0.41706926,0.6102252,0.51365423,0.5136472,0.00013291836,-0.00014698505,-7.033348e-06
chr19:53199176 A/G,0.35026294,0.60257876,0.35043585,0.602219,0.47642085,0.47632742,0.00017291307,-0.00035977364,-9.343028e-05
chr19:53199227 C/T,0.42138252,0.6457337,0.42134723,0.6459558,0.53355813,0.53365153,-3.528595e-05,0.0002220869,9.340048e-05
chr19:53199228 C/A,0.3833911,0.65265703,0.3836726,0.6528845,0.5180241,0.51827854,0.00028148293,0.00022745132,0.00025445223
chr19:53199238 G/A,0.36511746,0.6296545,0.36494964,0.62992895,0.49738598,0.4974393,-0.00016781688,0.00027441978,5.3316355e-05
chr19:53199266 A/G,0.38300964,0.6591963,0.38316938,0.659582,0.52110296,0.5213757,0.00015974045,0.00038570166,0.00027275085
chr19:53199348 T/C,0.35706434,0.6147446,0.3572525,0.6144856,0.48590446,0.48586905,0.00018817186,-0.00025898218,-3.540516e-05
chr19:53199472 G/T,0.34311116,0.66490614,0.34402984,0.6657512,0.50400865,0.50489056,0.0009186864,0.00084507465,0.0008819103
chr19:53199485 C/T,0.41267,0.63080484,0.41325325,0.6309023,0.5217374,0.5220778,0.00058326125,9.7453594e-05,0.00034040213
chr19:53199486 T/G,0.36862513,0.6360972,0.36709872,0.6300825,0.5023612,0.4985906,-0.0015264153,-0.0060147047,-0.0037705898
chr19:53199491 T/G,0.38645965,0.56106186,0.38626438,0.56011504,0.47376075,0.4731897,-0.00019526482,-0.0009468198,-0.0005710423
chr19:53199606 A/G,0.37681785,0.6654042,0.37645298,0.6653332,0.521111,0.5208931,-0.00036486983,-7.098913e-05,-0.00021791458
chr19:53199685 C/T,0.41171512,0.59624374,0.41198662,0.5960061,0.50397944,0.5039964,0.00027149916,-0.00023764372,1.692772e-05
chr19:53199715 G/C,0.38026652,0.5879186,0.38047644,0.5883385,0.48409253,0.48440748,0.00020992756,0.00041991472,0.00031495094
chr19:53199746 G/A,0.35803097,0.59241664,0.3579304,0.5919722,0.4752238,0.47495127,-0.00010058284,-0.00044447184,-0.00027254224
chr19:53199816 G/C,0.3497015,0.602598,0.3494171,0.60183793,0.47614974,0.4756275,-0.00028440356,-0.00076007843,-0.0005222261
chr19:53199899 T/C,0.41823217,0.63090557,0.41857228,0.6309329,0.52456886,0.5247526,0.0003401041,2.7358532e-05,0.00018376112
chr19:53199977 C/T,0.37881348,0.57421297,0.37877735,0.5742309,0.4765132,0.47650415,-3.6120415e-05,1.7940998e-05,-9.059906e-06
chr19:53199990 T/A,0.37720245,0.66501117,0.37728083,0.6649326,0.52110684,0.5211067,7.838011e-05,-7.855892e-05,-1.1920929e-07
chr19:53200097 G/A,0.33869976,0.63176906,0.338714,0.6319159,0.4852344,0.48531497,1.424551e-05,0.00014686584,8.055568e-05
chr19:53200204 A/G,0.33012977,0.5660651,0.33014336,0.5660045,0.4480974,0.44807392,1.3589859e-05,-6.055832e-05,-2.348423e-05
chr19:53200324 G/A,0.35901362,0.5822825,0.35901657,0.58228385,0.47064805,0.4706502,2.95043e-06,1.3709068e-06,2.1457672e-06
chr19:53200420 T/C,0.37035474,0.590977,0.37015674,0.59091413,0.48066586,0.48053545,-0.00019800663,-6.28829e-05,-0.00013041496
chr19:53200462 G/A,0.32183757,0.6167791,0.32180834,0.616616,0.46930832,0.46921217,-2.9236078e-05,-0.00016307831,-9.614229e-05
chr19:53200526 C/A,0.32695216,0.6149143,0.32682067,0.6145908,0.47093323,0.47070575,-0.00013148785,-0.0003234744,-0.00022748113
chr19:53200600 T/C,0.32431114,0.59108126,0.32431084,0.59075284,0.4576962,0.45753184,-2.9802322e-07,-0.0003284216,-0.00016435981
chr19:53200663 A/G,0.3926503,0.6102182,0.39241102,0.6101435,0.50143427,0.50127727,-0.00023928285,-7.4744225e-05,-0.00015699863
chr19:53200702 G/A,0.3869397,0.63716507,0.38698524,0.6369461,0.5120524,0.51196563,4.553795e-05,-0.00021898746,-8.678436e-05
chr19:53200956 A/G,0.39024416,0.63295525,0.3913748,0.6344743,0.5115997,0.51292455,0.0011306405,0.0015190244,0.0013248324
chr19:53200992 G/C,0.31758016,0.62247723,0.31736708,0.62288165,0.4700287,0.47012436,-0.0002130866,0.00040441751,9.5665455e-05
chr19:53201083 G/A,0.45488796,0.64438415,0.45591506,0.6453871,0.54963607,0.5506511,0.0010271072,0.0010029674,0.0010150075
chr19:53201109 G/A,0.3697154,0.6231959,0.36959913,0.6235168,0.49645564,0.49655795,-0.00011625886,0.0003209114,0.00010231137
chr19:53201133 G/T,0.34526628,0.6319511,0.3447464,0.6319959,0.4886087,0.48837116,-0.0005198717,4.4822693e-05,-0.00023752451
chr19:53201159 C/T,0.38555595,0.60197365,0.38594618,0.60287553,0.49376482,0.49441087,0.0003902316,0.0009018779,0.00064605474
chr19:53201225 T/C,0.3737605,0.58570707,0.37370956,0.585,0.47973377,0.47935477,-5.093217e-05,-0.0007070899,-0.00037899613
chr19:53201242 G/A,0.34076864,0.6133908,0.33955666,0.6136648,0.47707972,0.47661072,-0.001211971,0.00027400255,-0.00046899915
chr19:53201273 T/C,0.43963435,0.6662339,0.4407612,0.6665367,0.5529341,0.55364895,0.0011268556,0.0003027916,0.0007148385
chr19:53201331 A/G,0.4412238,0.5675457,0.44051868,0.5673719,0.50438476,0.5039453,-0.00070512295,-0.00017380714,-0.00043946505
chr19:53201364 C/G,0.32761872,0.56940717,0.32755104,0.5685508,0.44851294,0.44805092,-6.7681074e-05,-0.00085633993,-0.0004620254
chr19:53201383 T/C,0.39527804,0.6021078,0.39553937,0.60266936,0.49869293,0.49910438,0.00026133657,0.00056153536,0.00041145086
chr19:53201466 G/A,0.4073744,0.6768295,0.406728,0.67633426,0.542102,0.54153115,-0.0006464124,-0.000495255,-0.0005708337
chr19:53201488 T/C,0.31909242,0.6334786,0.31876937,0.63333035,0.47628552,0.47604984,-0.00032305717,-0.00014823675,-0.00023567677
chr19:53201499 G/A,0.37651503,0.5994787,0.376146,0.6001013,0.48799688,0.48812366,-0.00036904216,0.0006225705,0.00012677908
chr19:53201680 T/C,0.3214149,0.6399862,0.32140484,0.64120007,0.48070055,0.48130244,-1.0043383e-05,0.0012138486,0.0006018877
chr19:53201685 G/A,0.38453814,0.6460551,0.3848612,0.64594203,0.51529664,0.5154016,0.00032305717,-0.00011307001,0.00010496378
chr19:53201691 A/G,0.41191104,0.62178534,0.41202977,0.6215329,0.5168482,0.51678133,0.00011873245,-0.00025242567,-6.687641e-05
chr19:53201719 G/C,0.43088844,0.6353599,0.4310797,0.6357102,0.53312415,0.53339493,0.0001912415,0.0003502965,0.0002707839
chr19:53201758 T/A,0.3398759,0.6039051,0.3395633,0.6035061,0.4718905,0.4715347,-0.00031259656,-0.0003989935,-0.00035580993
chr19:53201760 T/C,0.31764054,0.61870766,0.3173918,0.61840117,0.4681741,0.4678965,-0.00024873018,-0.00030648708,-0.00027760863
chr19:53201767 G/A,0.39389524,0.5981707,0.39343208,0.5981777,0.49603295,0.49580488,-0.0004631579,6.9737434e-06,-0.00022807717
chr19:53201882 A/G,0.34116486,0.60990083,0.3413432,0.6098497,0.47553283,0.47559643,0.0001783371,-5.1140785e-05,6.3598156e-05
chr19:53202087 T/A,0.423452,0.5799016,0.42386964,0.5795714,0.5016768,0.50172055,0.00041764975,-0.00033015013,4.374981e-05
chr19:53202170 C/T,0.37441975,0.67225295,0.37435105,0.6720625,0.52333635,0.5232068,-6.869435e-05,-0.00019043684,-0.0001295805
chr19:53202300 C/T,0.37683162,0.64210665,0.37710446,0.64231634,0.50946915,0.50971043,0.00027284026,0.00020968914,0.0002412796
chr19:53202598 A/G,0.38558584,0.62209195,0.38615263,0.6220817,0.5038389,0.50411713,0.00056678057,-1.0251999e-05,0.00027823448
chr19:53202818 G/A,0.36252534,0.58710265,0.362459,0.5873834,0.474814,0.4749212,-6.633997e-05,0.00028073788,0.00010719895
chr19:53202902 T/C,0.32990274,0.5903635,0.32928646,0.5884421,0.46013314,0.45886427,-0.0006162822,-0.0019214153,-0.0012688637
chr19:53203009 G/C,0.4066315,0.62009954,0.4053618,0.6222429,0.5133655,0.51380235,-0.0012696981,0.002143383,0.00043684244
chr19:53203063 C/T,0.4263244,0.644897,0.42707646,0.6453047,0.5356107,0.53619057,0.0007520616,0.00040769577,0.0005798936
chr19:53203104 G/A,0.35130697,0.67097574,0.35116544,0.67087996,0.51114136,0.5110227,-0.00014153123,-9.5784664e-05,-0.00011867285
chr19:53203231 G/A,0.40668947,0.6367264,0.4066748,0.63650787,0.5217079,0.5215913,-1.4662743e-05,-0.00021851063,-0.000116586685
chr19:53203258 C/T,0.41546175,0.67286503,0.41576374,0.6725457,0.5441634,0.5441547,0.00030198693,-0.0003193617,-8.702278e-06
chr19:53203290 A/C,0.3463915,0.6090229,0.34637392,0.60871494,0.4777072,0.47754443,-1.758337e-05,-0.0003079772,-0.00016278028
chr19:53203292 A/T,0.35827807,0.6000015,0.35834375,0.59958065,0.4791398,0.47896218,6.568432e-05,-0.0004208684,-0.00017762184
chr19:53203305 G/A,0.38025567,0.569363,0.38003865,0.5691137,0.47480935,0.47457618,-0.00021702051,-0.00024932623,-0.00023317337
chr19:53203323 C/T,0.42228884,0.636949,0.42203417,0.6362485,0.5296189,0.52914137,-0.00025466084,-0.0007004738,-0.0004775524
chr19:53203492 C/T,0.3779609,0.5890562,0.3782902,0.58955836,0.48350853,0.48392427,0.00032931566,0.00050216913,0.0004157424
chr19:53203553 G/C,0.3462516,0.6304868,0.34661117,0.6310934,0.4883692,0.48885226,0.00035956502,0.00060659647,0.00048306584
chr19:53203673 G/A,0.3919214,0.6198389,0.39269668,0.62009203,0.5058801,0.5063944,0.0007752776,0.00025314093,0.0005142689
chr19:53203690 C/T,0.3679896,0.6044662,0.3680753,0.6043918,0.4862279,0.48623356,8.571148e-05,-7.43866e-05,5.6624413e-06
chr19:53203761 G/T,0.42534027,0.63246197,0.42441255,0.63134074,0.5289011,0.5278766,-0.0009277165,-0.001121223,-0.0010244846
chr19:53203816 C/A,0.355497,0.58923596,0.35477814,0.58909476,0.47236648,0.47193646,-0.0007188618,-0.0001412034,-0.0004300177
chr19:53203959 T/C,0.4275679,0.6457017,0.42759565,0.64559853,0.5366348,0.5365971,2.7745962e-05,-0.00010317564,-3.772974e-05
chr19:53204057 C/G,0.3917791,0.61767787,0.3921894,0.61841714,0.5047285,0.50530326,0.00041031837,0.0007392764,0.0005747676
chr19:53204139 C/G,0.42743093,0.5656015,0.42760742,0.5656438,0.49651623,0.4966256,0.00017648935,4.2259693e-05,0.00010937452
chr19:53204382 A/G,0.381141,0.66481936,0.38171035,0.665253,0.5229802,0.52348167,0.00056934357,0.0004336238,0.0005014539
chr19:53204469 T/A,0.42007762,0.6604683,0.42032072,0.6603672,0.54027295,0.54034394,0.00024309754,-0.00010108948,7.098913e-05
chr19:53204472 A/T,0.38240787,0.6530222,0.3823358,0.6532644,0.51771504,0.5178001,-7.2062016e-05,0.00024217367,8.505583e-05
chr19:53204496 G/A,0.33345488,0.6510736,0.3330922,0.65073884,0.4922642,0.49191552,-0.00036266446,-0.00033473969,-0.00034868717
chr19:53204627 C/T,0.40062982,0.5761478,0.40052667,0.5763869,0.4883888,0.4884568,-0.00010314584,0.00023913383,6.79791e-05
chr19:53204686 C/A,0.32706854,0.6154105,0.32682553,0.614857,0.4712395,0.4708413,-0.00024300814,-0.00055348873,-0.00039821863
chr19:53204777 G/A,0.4151726,0.5862989,0.4149598,0.5861085,0.50073576,0.5005342,-0.00021281838,-0.00019037724,-0.00020158291
chr19:53204870 C/T,0.3695499,0.62902987,0.36956802,0.629017,0.49928987,0.4992925,1.8119812e-05,-1.2874603e-05,2.6226044e-06
chr19:53204887 T/C,0.40374252,0.6147896,0.40341938,0.6144285,0.5092661,0.50892395,-0.00032314658,-0.00036108494,-0.00034213066
chr19:53204982 C/T,0.38092104,0.6726251,0.3806378,0.67232347,0.5267731,0.5264806,-0.00028324127,-0.0003016591,-0.00029248
chr19:53205017 C/G,0.4196296,0.6600222,0.41965732,0.6601861,0.5398259,0.5399217,2.771616e-05,0.00016391277,9.5784664e-05
chr19:53205123 C/T,0.39324382,0.56812257,0.3923663,0.5677471,0.4806832,0.4800567,-0.0008775294,-0.00037544966,-0.0006265044
chr19:53205163 T/C,0.42928547,0.57274973,0.42934114,0.5727185,0.5010176,0.50102985,5.567074e-05,-3.1232834e-05,1.2278557e-05
chr19:53205280 C/T,0.35290256,0.6760573,0.3528183,0.67588276,0.51447994,0.51435053,-8.4251165e-05,-0.0001745224,-0.00012940168
chr19:53205563 A/C,0.4699002,0.6544587,0.47014558,0.65483683,0.56217945,0.5624912,0.00024539232,0.00037813187,0.0003117323
chr19:53205569 A/C,0.41283938,0.6264781,0.41309768,0.6269016,0.51965874,0.5199996,0.00025829673,0.0004235506,0.00034087896
chr19:53205581 A/G,0.33710617,0.5847873,0.33724168,0.5849666,0.46094674,0.46110415,0.00013551116,0.00017929077,0.00015741587
chr19:53205656 G/A,0.33770475,0.6349131,0.3370991,0.63369685,0.48630893,0.485398,-0.0006056428,-0.0012162328,-0.0009109378
chr19:53205672 C/G,0.38894954,0.61621463,0.38907295,0.61568165,0.5025821,0.5023773,0.00012341142,-0.00053298473,-0.00020480156
chr19:53205793 C/A,0.39872462,0.6691546,0.39975464,0.67093855,0.5339396,0.5353466,0.0010300279,0.001783967,0.0014070272
chr19:53205830 T/C,0.3652747,0.59189224,0.36521897,0.5918586,0.47858346,0.4785388,-5.5730343e-05,-3.361702e-05,-4.464388e-05
chr19:53205846 C/T,0.33383507,0.59669846,0.33387202,0.59653366,0.46526676,0.46520284,3.695488e-05,-0.00016480684,-6.392598e-05
chr19:53205889 A/G,0.37764347,0.59917206,0.3779592,0.6004971,0.48840776,0.48922816,0.0003157258,0.0013250709,0.00082039833
chr19:53205973 G/C,0.37999114,0.62676823,0.37919173,0.62603664,0.5033797,0.5026142,-0.0007994175,-0.0007315874,-0.00076550245
chr19:53205993 G/A,0.38549605,0.57795846,0.3851352,0.57791835,0.48172724,0.4815268,-0.00036084652,-4.0113926e-05,-0.00020045042
chr19:53206107 A/G,0.38589832,0.604731,0.38515392,0.60368514,0.49531466,0.49441952,-0.0007444024,-0.0010458827,-0.00089514256
chr19:53206179 T/G,0.4315112,0.5830974,0.43391308,0.5807595,0.5073043,0.5073363,0.0024018884,-0.002337873,3.2007694e-05
chr19:53206372 G/T,0.35243383,0.58772933,0.35118133,0.5870788,0.47008157,0.46913007,-0.0012525022,-0.0006505251,-0.00095149875
chr19:53206504 G/A,0.35753962,0.59235704,0.35737646,0.5922818,0.47494835,0.47482914,-0.00016316772,-7.522106e-05,-0.00011920929
chr19:53206650 C/T,0.38532266,0.68890643,0.3855678,0.68845123,0.53711456,0.53700954,0.0002451539,-0.00045520067,-0.000105023384
chr19:53206719 G/T,0.42399687,0.6163152,0.4241069,0.6172712,0.520156,0.520689,0.000110030174,0.0009559989,0.00053298473
chr19:53206725 G/A,0.42022178,0.60119593,0.42032468,0.60114217,0.51070887,0.5107334,0.00010290742,-5.376339e-05,2.4557114e-05
chr19:53206822 C/T,0.39767197,0.6365361,0.3975812,0.63661426,0.517104,0.5170977,-9.0777874e-05,7.814169e-05,-6.3180923e-06
chr19:53206823 G/A,0.43919423,0.59630364,0.43878046,0.59639645,0.51774895,0.51758844,-0.00041377544,9.280443e-05,-0.00016051531
chr19:53206936 A/C,0.33861306,0.6342591,0.33869067,0.6332402,0.48643607,0.48596543,7.760525e-05,-0.0010188818,-0.00047063828
chr19:53207066 G/A,0.3736941,0.6766686,0.37389958,0.6768717,0.52518135,0.5253856,0.00020548701,0.00020313263,0.00020426512
chr19:53207085 C/G,0.40871322,0.6315361,0.40901688,0.6319532,0.5201247,0.52048504,0.00030365586,0.0004170537,0.00036036968
chr19:53207119 T/C,0.33587006,0.6032957,0.33597603,0.6033585,0.46958286,0.46966726,0.00010597706,6.2823296e-05,8.440018e-05
chr19:53207182 C/T,0.3370348,0.6276526,0.33655182,0.62789226,0.48234367,0.48222202,-0.00048297644,0.00023967028,-0.00012165308
chr19:53207528 T/C,0.358305,0.594576,0.35757938,0.5938043,0.4764405,0.47569185,-0.00072562695,-0.00077170134,-0.00074863434
chr19:53207558 G/C,0.37100783,0.63579535,0.3701957,0.6343254,0.5034016,0.50226057,-0.0008121431,-0.0014699697,-0.0011410117
chr19:53207810 G/A,0.3660691,0.5986876,0.36616012,0.59799796,0.48237836,0.48207903,9.101629e-05,-0.00068962574,-0.00029933453
chr19:53207900 G/A,0.36857945,0.61503243,0.36865324,0.61496145,0.49180594,0.49180734,7.379055e-05,-7.098913e-05,1.4007092e-06
chr19:53208057 G/A,0.46171337,0.6906244,0.46223253,0.6901762,0.5761689,0.57620436,0.00051915646,-0.00044822693,3.5464764e-05
chr19:53208075 C/G,0.3792636,0.5776032,0.37873548,0.5784664,0.47843343,0.47860095,-0.00052812696,0.00086319447,0.00016751885
chr19:53208161 A/C,0.35731247,0.64416724,0.3572615,0.6444457,0.5007399,0.5008536,-5.096197e-05,0.0002784729,0.00011372566
chr19:53208178 T/C,0.3774706,0.6517767,0.3762236,0.6504511,0.51462364,0.5133374,-0.0012470186,-0.0013255477,-0.0012862682
chr19:53208362 G/C,0.41213813,0.6206382,0.41193086,0.62174356,0.5163882,0.51683724,-0.00020727515,0.0011053681,0.0004490614
chr19:53208414 G/A,0.35689124,0.6211256,0.35829458,0.62396514,0.48900843,0.49112988,0.0014033318,0.0028395653,0.0021214485
chr19:53208568 G/A,0.39222988,0.6654422,0.39209238,0.66648626,0.5288361,0.5292893,-0.00013750792,0.001044035,0.00045323372
chr19:53209215 T/C,0.40434438,0.64083445,0.4058858,0.645242,0.52258945,0.5255639,0.0015414059,0.004407525,0.0029744506
chr19:53209289 T/C,0.39184943,0.60527545,0.39061624,0.6059057,0.49856246,0.49826097,-0.0012331903,0.0006302595,-0.0003014803
chr19:53209350 A/G,0.378069,0.64086753,0.37954795,0.64185375,0.50946826,0.5107008,0.0014789402,0.0009862185,0.0012325644
chr19:53209367 C/T,0.41131815,0.6307205,0.41146395,0.63119984,0.52101934,0.5213319,0.00014579296,0.00047934055,0.00031256676
chr19:53209381 A/G,0.46322665,0.6392591,0.46213335,0.63874406,0.5512429,0.5504387,-0.0010932982,-0.00051504374,-0.00080418587
chr19:53209399 G/T,0.45113248,0.65821344,0.4499514,0.656597,0.55467296,0.5532742,-0.001181066,-0.0016164184,-0.0013987422
chr19:53209498 G/A,0.3803288,0.68576545,0.37824446,0.68594253,0.53304714,0.5320935,-0.0020843446,0.0001770854,-0.0009536147
chr19:53209553 G/A,0.34546706,0.61686224,0.34519374,0.61692226,0.48116463,0.481058,-0.0002733171,6.0021877e-05,-0.00010663271
chr19:53209554 G/T,0.34236425,0.63519895,0.34250972,0.636174,0.4887816,0.48934186,0.00014546514,0.0009750724,0.00056025386
chr19:53209636 T/C,0.39176944,0.60386145,0.39161152,0.6027827,0.49781543,0.49719712,-0.0001579225,-0.0010787249,-0.0006183088
chr19:53210170 C/T,0.42997894,0.7002898,0.42988637,0.7000428,0.56513435,0.5649646,-9.256601e-05,-0.00024700165,-0.00016975403
chr19:53210193 C/A,0.3500094,0.62359047,0.35098085,0.6232288,0.48679996,0.48710483,0.0009714365,-0.00036168098,0.00030487776
chr19:53210250 G/A,0.36154696,0.6205743,0.35916358,0.61796916,0.4910606,0.48856637,-0.0023833811,-0.0026051402,-0.0024942458
chr19:53210600 G/A,0.37594396,0.6099157,0.37535468,0.6089939,0.49292982,0.49217427,-0.0005892813,-0.00092178583,-0.0007555485
chr19:53210755 C/G,0.40903175,0.58753663,0.4088841,0.5877582,0.4982842,0.49832115,-0.0001476407,0.00022155046,3.695488e-05
chr19:53210966 C/T,0.34653825,0.6145829,0.3469075,0.6140337,0.48056057,0.4804706,0.00036925077,-0.0005491972,-8.997321e-05
chr19:53210982 G/A,0.38399345,0.6477578,0.38405985,0.64787066,0.51587564,0.5159652,6.6399574e-05,0.00011283159,8.958578e-05
chr19:53210996 T/A,0.37874624,0.6371889,0.37789354,0.6372532,0.5079676,0.50757337,-0.00085270405,6.431341e-05,-0.00039422512
chr19:53211024 A/C,0.35330164,0.6798731,0.3522989,0.6799249,0.5165874,0.5161119,-0.0010027587,5.1796436e-05,-0.00047546625
chr19:53211025 C/T,0.36825222,0.66357636,0.3678407,0.66347075,0.5159143,0.51565576,-0.00041151047,-0.00010561943,-0.00025856495
chr19:53211087 T/C,0.35076842,0.61724514,0.35083476,0.61746633,0.48400676,0.48415053,6.633997e-05,0.00022119284,0.0001437664
chr19:53211168 G/A,0.37447888,0.69853014,0.37462112,0.6987323,0.5365045,0.5366767,0.00014224648,0.00020217896,0.00017219782
chr19:53211491 G/C,0.40472105,0.60752547,0.40501162,0.60801125,0.50612324,0.50651145,0.00029057264,0.00048577785,0.00038820505
chr19:53211530 C/T,0.36704236,0.62510395,0.36733124,0.625354,0.49607316,0.4963426,0.0002888739,0.00025004148,0.0002694428
chr19:53211541 G/C,0.42061672,0.6844894,0.42110023,0.6849773,0.55255306,0.5530388,0.00048351288,0.00048786402,0.00048571825
chr19:53211655 G/A,0.41365921,0.6383939,0.41378158,0.6384048,0.52602655,0.5260932,0.00012236834,1.090765e-05,6.663799e-05
chr19:53211686 G/A,0.41494438,0.65111244,0.41477883,0.6510517,0.5330284,0.53291523,-0.0001655519,-6.0737133e-05,-0.00011318922
chr19:53211763 A/C,0.45215195,0.6042658,0.4528028,0.60476017,0.52820885,0.5287815,0.0006508529,0.0004943609,0.0005726218
chr19:53211791 A/C,0.36991027,0.6295456,0.37010938,0.629295,0.49972796,0.4997022,0.00019910932,-0.00025063753,-2.5779009e-05
chr19:53211962 C/T,0.4341798,0.70554763,0.43412966,0.7050903,0.56986374,0.56961,-5.015731e-05,-0.00045734644,-0.00025373697
chr19:53212249 T/C,0.4148818,0.6472456,0.41568533,0.6467705,0.5310637,0.5312279,0.0008035302,-0.00047510862,0.0001642108
chr19:53212361 C/T,0.40084127,0.6206492,0.40093404,0.62165165,0.5107452,0.5112928,9.277463e-05,0.0010024309,0.0005475879
chr19:53212520 T/C,0.37999597,0.6132811,0.37946355,0.61293936,0.49663854,0.49620146,-0.0005324185,-0.00034171343,-0.00043708086
chr19:53212559 T/C,0.37003273,0.62791556,0.37068206,0.6291019,0.49897414,0.49989197,0.000649333,0.0011863112,0.0009178221
chr19:53212613 C/T,0.4315256,0.61761594,0.43140304,0.6171727,0.52457076,0.5242879,-0.00012254715,-0.00044322014,-0.00028288364
chr19:53212689 A/G,0.37064427,0.66611814,0.37066332,0.66670144,0.51838124,0.51868236,1.9043684e-05,0.00058329105,0.00030112267
chr19:53212766 C/T,0.3700443,0.6352131,0.36981946,0.63480324,0.5026287,0.50231135,-0.00022482872,-0.00040984154,-0.00031733513
chr19:53212782 C/T,0.37011895,0.66581136,0.37024817,0.6656374,0.51796514,0.5179428,0.00012922287,-0.00017398596,-2.2351742e-05
chr19:53212814 T/C,0.3625966,0.64789814,0.36327356,0.6484217,0.50524735,0.50584763,0.00067695975,0.0005235672,0.0006002784
chr19:53212821 A/C,0.42342436,0.6844394,0.42327693,0.6843253,0.5539319,0.5538011,-0.00014743209,-0.000114142895,-0.00013077259
chr19:53212923 C/A,0.44605535,0.67325234,0.4456598,0.6725742,0.5596539,0.559117,-0.00039556623,-0.00067812204,-0.00053685904
chr19:53212924 G/A,0.40989617,0.675286,0.40965888,0.6748608,0.5425911,0.5422598,-0.00023728609,-0.00042521954,-0.00033128262
chr19:53212969 T/C,0.43956268,0.6129085,0.44007486,0.6132744,0.5262356,0.5266746,0.0005121827,0.0003659129,0.0004390478
chr19:53212982 G/A,0.42217538,0.6947688,0.42212155,0.6944414,0.5584721,0.5582815,-5.3822994e-05,-0.0003274083,-0.00019061565
chr19:53213411 A/G,0.41196436,0.6129004,0.41102126,0.61225986,0.51243234,0.51164055,-0.0009430945,-0.0006405115,-0.0007917881
chr19:53213444 C/T,0.39037642,0.59937525,0.3903723,0.59969556,0.49487585,0.49503392,-4.1127205e-06,0.00032031536,0.00015807152
chr19:53213450 G/C,0.3762686,0.6304501,0.3762725,0.63011074,0.5033594,0.5031916,3.9041042e-06,-0.00033938885,-0.00016778708
chr19:53213463 C/T,0.4321104,0.64919436,0.4323253,0.6493401,0.5406524,0.5408327,0.00021490455,0.00014573336,0.00018030405
chr19:53213486 T/C,0.42680207,0.67974603,0.42664617,0.6797912,0.55327404,0.5532187,-0.00015589595,4.518032e-05,-5.531311e-05
chr19:53213517 T/C,0.36206535,0.6059012,0.36214945,0.6058893,0.48398328,0.4840194,8.4102154e-05,-1.1861324e-05,3.6120415e-05
chr19:53213607 C/T,0.46430284,0.61364603,0.46430615,0.6136652,0.5389744,0.53898567,3.3080578e-06,1.9192696e-05,1.1265278e-05
chr19:53213854 G/A,0.41393888,0.69741416,0.41398484,0.69734496,0.5556765,0.5556649,4.595518e-05,-6.920099e-05,-1.1622906e-05
chr19:53213939 G/A,0.4587003,0.6074063,0.45907602,0.60724777,0.5330533,0.5331619,0.00037571788,-0.00015854836,0.00010859966
chr19:53213959 A/G,0.42046487,0.63839304,0.41954976,0.638415,0.52942896,0.5289824,-0.0009151101,2.193451e-05,-0.000446558
chr19:53214344 G/A,0.37482768,0.65243196,0.374601,0.65223444,0.5136298,0.5134177,-0.00022667646,-0.0001975298,-0.00021207333
chr19:53214372 G/T,0.41246292,0.6159557,0.4119159,0.61566204,0.51420933,0.51378894,-0.0005470216,-0.00029367208,-0.00042039156
chr19:53214404 G/C,0.38926074,0.60304546,0.38883007,0.6033335,0.49615312,0.49608177,-0.00043067336,0.00028800964,-7.134676e-05
chr19:53214526 G/A,0.41960424,0.6630141,0.42005542,0.66309017,0.5413092,0.5415728,0.00045117736,7.605553e-05,0.00026363134
chr19:53214600 T/A,0.3756569,0.65276885,0.37457517,0.6522063,0.51421285,0.5133907,-0.0010817349,-0.00056254864,-0.00082212687
chr19:53214731 G/A,0.4020862,0.5949917,0.40364715,0.5968499,0.49853894,0.50024855,0.0015609562,0.0018582344,0.0017096102
chr19:53214754 C/T,0.4232128,0.6764031,0.4236096,0.67702127,0.54980797,0.55031544,0.00039681792,0.0006181598,0.00050747395
chr19:53214782 G/A,0.42037347,0.6634308,0.4202231,0.6625203,0.5419021,0.5413717,-0.00015038252,-0.00091052055,-0.00053042173
chr19:53214831 A/T,0.40382,0.66989505,0.4044365,0.6698852,0.53685755,0.5371609,0.00061649084,-9.834766e-06,0.00030332804
chr19:53214858 A/G,0.3786179,0.63489705,0.37977403,0.6356495,0.5067575,0.50771177,0.0011561215,0.00075244904,0.00095427036
chr19:53214941 T/C,0.41717476,0.6535536,0.4171407,0.652425,0.53536415,0.5347828,-3.4064054e-05,-0.001128614,-0.0005813241
chr19:53214943 T/C,0.40743282,0.64540434,0.40785518,0.6478475,0.52641857,0.52785134,0.0004223585,0.0024431348,0.0014327765
chr19:53214965 G/A,0.45123363,0.68672526,0.45378748,0.6881204,0.56897944,0.57095397,0.0025538504,0.0013951659,0.001974523
chr19:53215048 G/A,0.37913582,0.6216347,0.37944633,0.6223322,0.5003853,0.5008893,0.0003105104,0.00069749355,0.0005040169
chr19:53215074 G/A,0.39665252,0.634041,0.3978155,0.63581264,0.51534677,0.51681405,0.001162976,0.0017716289,0.0014672875
chr19:53215109 T/C,0.45047745,0.6304927,0.44944242,0.62934446,0.5404851,0.5393934,-0.0010350347,-0.0011482239,-0.0010916591
chr19:53215118 T/G,0.37207264,0.6561672,0.37241668,0.6556453,0.5141199,0.514031,0.000344038,-0.00052189827,-8.893013e-05
chr19:53215165 G/A,0.46085778,0.658159,0.46090135,0.65805686,0.5595084,0.5594791,4.3570995e-05,-0.00010216236,-2.926588e-05
chr19:53215185 T/C,0.36561814,0.62662303,0.36576912,0.626806,0.49612057,0.49628758,0.00015097857,0.00018298626,0.00016701221
chr19:53215193 C/T,0.4266874,0.6493786,0.42687485,0.6492255,0.538033,0.5380502,0.00018745661,-0.00015312433,1.7166138e-05
chr19:53215194 C/G,0.37712944,0.6478392,0.3766723,0.64908314,0.5124843,0.5128777,-0.00045713782,0.0012439489,0.00039339066
chr19:53215216 C/T,0.3834692,0.6913963,0.38334993,0.6928597,0.53743273,0.53810483,-0.000119268894,0.0014634132,0.000672102
chr19:53215218 A/G,0.40472838,0.66417027,0.40461883,0.6649176,0.53444934,0.5347682,-0.00010955334,0.00074732304,0.00031888485
chr19:53215251 G/A,0.43035087,0.61149,0.433261,0.6212551,0.52092046,0.52725804,0.0029101372,0.009765089,0.006337583
chr19:53215283 C/G,0.48203403,0.60163146,0.482854,0.60319364,0.54183275,0.5430238,0.0008199811,0.0015621781,0.0011910796
chr19:53215296 G/T,0.381416,0.66028494,0.38071042,0.6596737,0.5208505,0.520192,-0.00070557,-0.00061124563,-0.0006584525
chr19:53215336 C/G,0.39500517,0.6190611,0.3954638,0.6182971,0.5070331,0.50688046,0.00045862794,-0.00076401234,-0.0001526475
chr19:53215350 G/A,0.41117036,0.69836414,0.40997252,0.6974894,0.55476725,0.55373096,-0.0011978447,-0.00087475777,-0.0010362864
chr19:53215507 G/A,0.42850697,0.60322535,0.4266836,0.60128814,0.51586616,0.5139859,-0.0018233657,-0.0019372106,-0.0018802881
chr19:53215541 G/A,0.4647045,0.6771505,0.46465427,0.67708045,0.5709275,0.57086736,-5.0246716e-05,-7.003546e-05,-6.0141087e-05
chr19:53215636 C/T,0.37449828,0.63131714,0.37395608,0.63099515,0.5029077,0.5024756,-0.00054219365,-0.0003219843,-0.00043207407
chr19:53215804 T/C,0.42343223,0.6574747,0.42403048,0.65728587,0.54045343,0.5406582,0.0005982518,-0.00018882751,0.00020474195
chr19:53215886 G/A,0.37326625,0.6491262,0.37314433,0.64842,0.5111962,0.5107821,-0.0001219213,-0.00070619583,-0.00041407347
chr19:53216184 T/A,0.4138025,0.6679346,0.41395026,0.6679382,0.5408685,0.5409442,0.00014775991,3.5762787e-06,7.56979e-05
chr19:53216386 T/C,0.399311,0.61610055,0.3996681,0.61632913,0.5077058,0.5079986,0.00035709143,0.00022858381,0.00029277802
chr19:53216476 A/G,0.39579925,0.63057303,0.39631313,0.63092613,0.51318616,0.51361966,0.00051388144,0.00035309792,0.00043350458
chr19:53216538 G/A,0.4057676,0.70553416,0.40623954,0.70593745,0.5556509,0.5560885,0.00047194958,0.00040328503,0.0004376173
chr19:53216544 T/A,0.3903074,0.69506973,0.39072666,0.694588,0.54268855,0.5426573,0.00041925907,-0.00048172474,-3.1232834e-05
chr19:53216582 A/C,0.38508853,0.6042908,0.3851247,0.60506916,0.49468964,0.49509692,3.618002e-05,0.00077837706,0.00040727854
chr19:53216587 A/G,0.3990101,0.5752394,0.3986419,0.5749695,0.48712474,0.48680568,-0.0003681779,-0.00026994944,-0.00031906366
chr19:53216699 G/C,0.4878211,0.67361253,0.48791847,0.6732954,0.58071685,0.58060694,9.736419e-05,-0.00031715631,-0.000109910965
chr19:53216808 A/G,0.41470128,0.6308931,0.41422334,0.630814,0.5227972,0.5225187,-0.00047793984,-7.909536e-05,-0.0002785325
chr19:53216901 T/C,0.4496418,0.6260788,0.44943216,0.6260203,0.5378603,0.5377262,-0.00020962954,-5.8472157e-05,-0.00013405085
chr19:53216984 A/C,0.36209613,0.6087489,0.3616599,0.60864305,0.48542252,0.48515147,-0.0004362166,-0.00010585785,-0.00027105212
chr19:53217120 G/A,0.35998386,0.64009726,0.36003095,0.64023966,0.50004053,0.5001353,4.708767e-05,0.0001423955,9.4771385e-05
chr19:53217173 T/C,0.42969614,0.67715335,0.42977414,0.6776626,0.5534247,0.5537184,7.799268e-05,0.0005092621,0.00029367208
chr19:53217213 T/A,0.45847312,0.6487292,0.4586209,0.64901376,0.55360115,0.55381733,0.00014778972,0.00028455257,0.00021618605
chr19:53217281 G/C,0.4096933,0.61426115,0.40656105,0.6160418,0.5119772,0.5113014,-0.003132254,0.0017806292,-0.00067579746
chr19:53217339 C/A,0.4891478,0.67240435,0.49046558,0.67382425,0.5807761,0.5821449,0.0013177693,0.0014199018,0.0013688207
chr19:53217378 C/T,0.39699215,0.62908596,0.3969174,0.6277288,0.51303905,0.51232314,-7.4744225e-05,-0.0013571382,-0.0007159114
chr19:53217379 G/T,0.41394946,0.6053256,0.40594825,0.5929395,0.50963753,0.4994439,-0.008001208,-0.012386084,-0.010193646
chr19:53217390 C/T,0.37963563,0.6675467,0.3751062,0.66218674,0.52359116,0.5186465,-0.0045294464,-0.0053599477,-0.004944682
chr19:53217455 A/G,0.42639235,0.6468733,0.42827818,0.64893186,0.53663284,0.53860503,0.0018858314,0.0020585656,0.0019721985
chr19:53217564 G/C,0.4071437,0.67273015,0.40699843,0.672883,0.5399369,0.5399407,-0.00014528632,0.00015282631,3.8146973e-06
chr19:53217726 C/A,0.41797033,0.65253586,0.41787466,0.65232164,0.5352531,0.53509814,-9.5665455e-05,-0.0002142191,-0.00015497208
chr19:53217728 G/T,0.3780023,0.64943016,0.37762076,0.6491823,0.5137162,0.5134015,-0.00038152933,-0.0002478361,-0.00031471252
chr19:53217866 G/A,0.37814248,0.59703285,0.37785214,0.59684676,0.48758766,0.48734945,-0.00029033422,-0.0001860857,-0.00023820996
chr19:53217906 C/A,0.39764282,0.6546124,0.3976777,0.6552643,0.52612764,0.526471,3.4868717e-05,0.000651896,0.00034338236
chr19:53217908 T/A,0.38614348,0.6304447,0.38652074,0.6297701,0.5082941,0.50814545,0.0003772676,-0.00067460537,-0.00014865398
chr19:53217910 C/T,0.40377524,0.6875593,0.40410626,0.68696624,0.5456673,0.5455363,0.0003310144,-0.0005930662,-0.00013101101
chr19:53217924 G/C,0.38776812,0.5890379,0.38754418,0.5887002,0.48840302,0.48812217,-0.00022393465,-0.00033771992,-0.0002808571
chr19:53217985 A/G,0.42874944,0.62661326,0.42883152,0.6272012,0.52768135,0.5280163,8.2075596e-05,0.0005879402,0.0003349781
chr19:53218007 C/A,0.39823002,0.6061257,0.3983062,0.6059406,0.50217783,0.50212336,7.6174736e-05,-0.00018513203,-5.4478645e-05
chr19:53218018 C/T,0.39092723,0.6223461,0.39119518,0.62253696,0.5066367,0.5068661,0.00026795268,0.00019085407,0.00022941828
chr19:53218022 A/G,0.3886191,0.6423907,0.38871616,0.64252067,0.5155049,0.51561844,9.7066164e-05,0.00012993813,0.00011354685
chr19:53218045 G/A,0.4421082,0.6497172,0.44235688,0.6497221,0.54591274,0.54603946,0.00024867058,4.887581e-06,0.00012671947
chr19:53218048 T/C,0.36286256,0.6554383,0.36279953,0.65545195,0.50915045,0.5091257,-6.303191e-05,1.3649464e-05,-2.4735928e-05
chr19:53218062 T/C,0.3673063,0.6384046,0.3676041,0.6387154,0.5028554,0.50315976,0.0002978146,0.00031077862,0.00030434132
chr19:53218063 C/T,0.37281805,0.61195445,0.37297338,0.6121697,0.49238625,0.49257153,0.0001553297,0.00021523237,0.00018528104
chr19:53218071 C/T,0.42891553,0.6315672,0.42941886,0.6318811,0.5302414,0.53065,0.0005033314,0.00031393766,0.00040864944
chr19:53218072 A/G,0.37120965,0.64968425,0.3708171,0.6486713,0.51044697,0.5097442,-0.0003925562,-0.0010129213,-0.00070273876
chr19:53218138 A/C,0.37228292,0.6334282,0.37246212,0.6335296,0.50285554,0.50299585,0.00017920136,0.0001013875,0.00014030933
chr19:53218154 G/A,0.3977051,0.62226295,0.39764068,0.6220748,0.509984,0.5098577,-6.443262e-05,-0.00018817186,-0.00012630224
chr19:53218182 C/T,0.39318192,0.64171,0.3927229,0.64151156,0.5174459,0.51711726,-0.00045901537,-0.00019842386,-0.00032866
chr19:53218183 G/A,0.41630384,0.6253293,0.41582242,0.62481153,0.52081656,0.52031696,-0.00048142672,-0.00051778555,-0.00049960613
chr19:53218233 G/C,0.4928122,0.67660064,0.49297294,0.6763926,0.5847064,0.58468276,0.00016075373,-0.00020802021,-2.3663044e-05
chr19:53218298 T/C,0.40851963,0.6969941,0.4085633,0.6975095,0.5527569,0.5530364,4.3660402e-05,0.00051540136,0.00027948618
